-- phpMyAdmin SQL Dump
-- version 4.6.5.2
-- https://www.phpmyadmin.net/
--
-- Host: 127.0.0.1
-- Generation Time: May 30, 2017 at 10:51 PM
-- Server version: 10.1.21-MariaDB
-- PHP Version: 7.1.1

SET SQL_MODE = "NO_AUTO_VALUE_ON_ZERO";
SET time_zone = "+00:00";


/*!40101 SET @OLD_CHARACTER_SET_CLIENT=@@CHARACTER_SET_CLIENT */;
/*!40101 SET @OLD_CHARACTER_SET_RESULTS=@@CHARACTER_SET_RESULTS */;
/*!40101 SET @OLD_COLLATION_CONNECTION=@@COLLATION_CONNECTION */;
/*!40101 SET NAMES utf8mb4 */;

--
-- Database: `advisewm`
--
DROP DATABASE IF EXISTS `advisewm`;
CREATE DATABASE IF NOT EXISTS `advisewm` DEFAULT CHARACTER SET utf8 COLLATE utf8_spanish2_ci;
USE `advisewm`;

-- --------------------------------------------------------

--
-- Table structure for table `articulo`
--

CREATE TABLE `articulo` (
  `Id` int(11) NOT NULL,
  `IdiomaId` int(11) NOT NULL,
  `Titulo` varchar(200) COLLATE utf8_spanish_ci NOT NULL,
  `Descripcion` varchar(2000) COLLATE utf8_spanish_ci NOT NULL,
  `Texto` text COLLATE utf8_spanish_ci NOT NULL,
  `FechaCreacion` datetime NOT NULL DEFAULT CURRENT_TIMESTAMP,
  `UsuarioCreacion` int(11) NOT NULL,
  `Orden` int(11) DEFAULT NULL,
  `FechaInicio` datetime DEFAULT NULL,
  `FechaFin` datetime DEFAULT NULL,
  `FechaEdicion` datetime DEFAULT CURRENT_TIMESTAMP ON UPDATE CURRENT_TIMESTAMP,
  `UsuarioEdicion` int(11) DEFAULT NULL,
  `Activo` tinyint(1) NOT NULL DEFAULT '1'
) ENGINE=InnoDB DEFAULT CHARSET=utf8 COLLATE=utf8_spanish_ci;

--
-- Dumping data for table `articulo`
--

INSERT INTO `articulo` (`Id`, `IdiomaId`, `Titulo`, `Descripcion`, `Texto`, `FechaCreacion`, `UsuarioCreacion`, `Orden`, `FechaInicio`, `FechaFin`, `FechaEdicion`, `UsuarioEdicion`, `Activo`) VALUES
(18, 1, 'Corporación América vendió sus parques eólicos en Uruguay por US$ 230 millones', 'El grupo que lidera Eduardo Eurnekian apostará a negocios de energía en Argentina', '<p style=\"margin-bottom: 24px; padding: 0px; border: 0px; font-family: Roboto, sans-serif; font-size: 1.1em; line-height: 1.4em;\">Corporación América, el grupo empresarial que lidera el argentino Eduardo Eurnekian, informó ayer miércoles la venta de los dos parques eólicos que operaba en Uruguay a la firma española Saeta Yield por US$ 230 millones.</p><p style=\"margin-bottom: 24px; padding: 0px; border: 0px; font-family: Roboto, sans-serif; font-size: 1.1em; line-height: 1.4em;\">Se trata de los parqués eólicos Carapé I y Carapé II que funcionan al norte del departamento de Maldonado y tienen una potencia instalada de 95 MW. Estos parques vuelcan <a href=\"http://www.elobservador.com.uy/energia-a701\" class=\"agrupador\" rel=\"701\" style=\"margin: 0px; padding: 0px; border: 0px; color: rgb(0, 126, 255); outline: 0px; transition: color 250ms ease;\">energía</a> a la red desde setiembre de 2015 y tienen contratos con UTE por 20 años.</p><p style=\"margin-bottom: 24px; padding: 0px; border: 0px; font-family: Roboto, sans-serif; font-size: 1.1em; line-height: 1.4em;\">\"Mediante esta operación, el grupo continuará su crecimiento en el área de energía en <a href=\"http://www.elobservador.com.uy/argentina-a65\" class=\"agrupador\" rel=\"65\" style=\"margin: 0px; padding: 0px; border: 0px; color: rgb(0, 126, 255); outline: 0px; transition: color 250ms ease;\">Argentina</a>, enfocado en la producción de <a href=\"http://www.elobservador.com.uy/gas-a4938\" class=\"agrupador\" rel=\"4938\" style=\"margin: 0px; padding: 0px; border: 0px; color: rgb(0, 126, 255); outline: 0px; transition: color 250ms ease;\">gas</a> en la Cuenca Austral de Santa Cruz\", se informó en un comunicado de Corporación América publicado por diario El Cronista de Buenos Aires.</p><p style=\"margin-bottom: 24px; padding: 0px; border: 0px; font-family: Roboto, sans-serif; font-size: 1.1em; line-height: 1.4em;\">El comprador Saeta Yield es un fondo europeo que invierte en activos de infraestructura de energía que se espera generen flujos de efectivo altamente estables y predecibles respaldados por ingresos regulados o contratados a largo plazo, según dice en su página web.</p>', '2017-05-25 15:38:31', 1, 14, NULL, NULL, '2017-05-25 16:07:28', NULL, 1),
(19, 1, '2016 en retrospectiva', 'El 2016 fue un año de bajo crecimiento mundial. ¿La razón?', '<p class=\"MsoNormal\">El 2016 fue un año de bajo crecimiento mundial. ¿La razón?<o:p></o:p></p><p class=\"MsoNormal\">Muchos países experimentaron ajustes estructurales y\r\ndesastres naturales; ocurrieron eventos geopolíticos significativos como el\r\nBrexit; guerras civiles como la que aún continúa en Siria; un golpe de estado\r\nen Turquía y las elecciones presidenciales en Estados Unidos que generaron gran\r\nincertidumbre acerca de los efectos que tendrá sobre este país y el resto del\r\nmundo.<o:p></o:p></p><p class=\"MsoNormal\">Ocho años después de una de las más grandes crisis\r\neconómicas, en un esfuerzo por mantener la economía en actividad, varios bancos\r\ncentrales siguen optando por una política monetaria laxa, lo que ha llevado las\r\ntasas de interés a los niveles más bajos en mucho tiempo.<o:p></o:p></p><p class=\"MsoNormal\">Si bien es cierto que estas políticas han sido un gran\r\nsoporte para la economía mundial, también han generado importantes distorsiones\r\nen varios mercados. <o:p></o:p></p><p class=\"MsoNormal\">¿Cómo lograrán desprenderse de ellas en los próximos años?\r\nHe aquí la gran interrogante que continúa siendo motivo de debate entre los\r\nanalistas. En el 2016 solo tuvimos una suba de tasas en diciembre vs. las\r\ncuatro subas estimadas y para el 2017 las expectativas ascienden a tres. La Fed\r\nha dejado claro que quiere subir la tasa de interés, lo difícil es descifrar a\r\nqué ritmo. <o:p></o:p></p><p class=\"MsoNormal\">Donald Trump (recientemente electo presidente de los Estados\r\nUnidos) ha prometido recortes de impuestos y desregularización, lo cual debería\r\nrepercutir positivamente en el crecimiento de este país; pero sus inclinaciones\r\nhacia temas de inmigración y proteccionismo se han convertido en un tema de\r\npreocupación global.<o:p></o:p></p><p class=\"MsoNormal\">Europa fue dominada por riesgos políticos, surgimiento de\r\npolíticas nacionalistas, una crisis migratoria, las dificultades del sector\r\nbancario, el futuro de Grecia, y por último, pero no menos importante: el\r\nBrexit.<o:p></o:p></p><p class=\"MsoNormal\">Luego de 2 años de bajos precios del petróleo, la OPEC logró\r\ncerrar un acuerdo para reducir la producción en 1.2 millones de barriles\r\ndiarios durante seis meses a partir de enero. Los mercados reaccionaron de\r\nforma positiva, aunque aún resta ver cómo será puesto en marcha.<o:p></o:p></p><p class=\"MsoNormal\">Pero el 2016 no fue sólo un año de bajo crecimiento\r\n(probablemente cerremos en 2.5% de crecimiento anual), la inflación también se\r\nmantuvo débil en el entorno del 0.4% y esto llevó a las acciones a ganar menos\r\nde lo esperado, mientras que los bonos ganaron más.<o:p></o:p></p><p class=\"MsoNormal\">El crédito tuvo una buena performance, con High Yield a la\r\ncabeza. La búsqueda de rendimientos de los inversores puso en el radar\r\nnuevamente a los mercados emergentes y la emisión de deuda alcanzó números\r\nrecord. Las acciones de los países emergentes experimentaron un menor\r\nrendimiento del estimado, pero a pesar de ello este superó a los países\r\ndesarrollados. Las monedas de los primeros se mantuvieron estables en relación\r\nal USD y los precios spot de los commodities incrementaron un 20% en promedio.</p>', '2017-05-25 15:42:58', 1, 12, '2017-05-25 00:00:00', NULL, '2017-05-25 23:28:26', 2, 1),
(20, 1, 'Argentina - Testeando el escenario macro de cara al 2017', 'La paradoja entre la “lluvia de dólares financieros” ...', '<div style=\"margin: 0px; padding: 0px; border: 0px; font-family: Roboto, sans-serif; font-size: 17.6px;\"><p class=\"MsoNormal\"><u>La foto de 2016<o:p></o:p></u></p>\r\n\r\n<p class=\"MsoNormal\">La paradoja entre la “lluvia de dólares financieros”\r\ngenerada por el atractivo de las tasas de interés locales luego de la salida\r\ndel cepo y el arreglo con los holdouts, y el enfriamiento de la economía real\r\nfrente a la pérdida de poder adquisitivo de los salarios será la foto del año\r\n2016. Es que a pesar del ingreso de capitales que ayudó a financiar el\r\ngradualismo fiscal, la economía real sintió el impacto asimétrico de la\r\ncorrección de precios relativos (movimiento de dólar y tarifas) requerida para\r\nempezar a revertir los desequilibrios macroeconómicos heredados y recrear los\r\nespacios de rentabilidad de la inversión (16% del PIB). Pero a costa de una\r\naceleración de la inflación en la primera parte del año, que terminó licuando\r\nel poder adquisitivo de los salarios y arrastrando a la baja el consumo (84%\r\ndel PIB). Por eso, en línea con nuestras proyecciones para este año, la\r\neconomía cerrará el año con una caída del PIB (en torno a -2,6%) y una\r\ninflación que si bien se desacelera hacia su ritmo inercial luego del impacto\r\nde la corrección de precios relativos, cerrará en diciembre en la zona de 40%\r\nanual contra el mismo mes del año pasado.<o:p></o:p></p>\r\n\r\n<p class=\"MsoNormal\">De cara al 2017, creemos que los factores que jugaron en\r\ncontra en 2016 empezarían a jugar a favor, junto a una mejora en las\r\nexpectativas de aumento en la cosecha incentivada por el cambio en la ecuación\r\nque generó la salida del cepo y la baja de retenciones. <o:p></o:p></p>\r\n\r\n<p class=\"MsoNormal\"><o:p>&nbsp;</o:p></p>\r\n\r\n<p class=\"MsoNormal\"><u>“Efecto Trump” y la decisión de la Fed</u><o:p></o:p></p>\r\n\r\n<p class=\"MsoNormal\">En primer lugar, consideramos que la liquidez global seguirá\r\nestando disponible, aunque probablemente a tasas de interés más altas frente al\r\nnuevo equilibrio de dólar y tasas en el mundo luego del corrimiento de las\r\nexpectativas de inflación / crecimiento en EE.UU. y de un mayor déficit fiscal\r\nen esa economía frente al plan de obra pública y de baja de impuestos que\r\ndeslizó Trump en la campaña electoral. Si bien la Fed aceleró apenas la\r\nvelocidad del ajuste monetario que se espera hacia adelante luego del aumento\r\nde las expectativas de inflación en EE.UU., todavía sigue apostando al\r\ngradualismo y mantiene un corredor de tasas para los próximos años (1,375% en\r\n2017; 2,125% en 2018 y 2,875% en 2019) bien por debajo de la tasa neutral de\r\nlargo plazo (el punto final del recorrido) de 3% (todavía muy baja inclusive en\r\ncualquier comparación histórica). <o:p></o:p></p>\r\n\r\n<p class=\"MsoNormal\">De alguna manera, mientras las expectativas de un equilibrio\r\ncon mayor inflación / crecimiento en EE.UU. no se trasladen al terreno de la\r\neconomía real, la Fed tiene incentivos para mantener el ciclo gradual de suba\r\nde tasas. Tanto desde el lado de la sostenibilidad de la deuda de las familias\r\ny el sector público (en torno a 80% del PIB en cada caso), como desde el lado\r\ndel dinamismo del mercado inmobiliario y el empleo en la construcción. Pero\r\ntambién, la Fed tendría incentivos “ocultos” para sostener el gradualismo del\r\nciclo de suba de la tasa de interés y de esa manera evitar un fortalecimiento\r\nbrusco del Dólar en el mundo, mientras el resto de los bancos centrales de los\r\npaíses desarrollados continúan en modo expansivo, que termine jugando en contra\r\nde la competitividad y el empleo de la industria exportadora de EE.UU. que el\r\npropio Trump quiere apuntalar. <o:p></o:p></p>\r\n\r\n<p class=\"MsoNormal\"><o:p>&nbsp;</o:p></p>\r\n\r\n<p class=\"MsoNormal\"><u>Los determinantes de un escenario de rebote fuerte en\r\n2017<o:p></o:p></u></p>\r\n\r\n<p class=\"MsoNormal\">Bajo este escenario internacional donde la liquidez global\r\nsigue estando disponible aunque probablemente a tasas más elevadas, partiendo\r\nde bajos niveles de deuda pública en el mercado y con algo de colchón\r\ncambiario, la política económica aún cuenta con los grados de libertad para\r\nfinanciar el agujero fiscal y convalidar una recuperación del salario real en\r\nel año electoral que impulse el consumo privado (3%) pari passu un rebote de la\r\nobra pública que juegue a favor de un salto en la inversión (15%), consistente\r\ncon nuestro escenario base de un rebote del crecimiento económico (hasta la\r\nzona de 5%) en 2017. Con salarios que probablemente estén a mitad de camino\r\nentre la meta de inflación del BCRA para 2017 y la inercia inflacionaria\r\npasada, y corrección tarifaria por delante presionando sobre la dinámica\r\ninflacionaria (agregando en torno a 3 p.p. adicionales), la política económica\r\ncuenta con margen para convalidar, en un contexto de tasas reales positivas\r\ncontra las expectativas de inflación y de ingreso de dólares para financiar la\r\nelevada brecha fiscal, un deslizamiento del precio del dólar por debajo del\r\naumento de los salarios, permitiendo así que la inflación (proyectada en la\r\nzona de 23/24% anual) quede a mitad de camino entre la dinámica de los salarios\r\n(28%) y el deslizamiento del tipo de cambio (atraso cambiario/adelanto\r\nsalarial), en línea con una recuperación del poder adquisitivo de los salarios\r\n(en torno a 4 p.p.) que impulse el consumo. <o:p></o:p></p>\r\n\r\n<p class=\"MsoNormal\">El otro determinante de la construcción del escenario con\r\nrebote del crecimiento en 2017 (hasta la zona de 5%) recae sobre una\r\nreactivación fuerte de la obra pública que contribuya significativamente al\r\naumento del PIB. En este sentido, partiendo de niveles muy bajos frente a la\r\nparálisis en la ejecución de la obra pública durante la mayor parte 2016 y\r\nteniendo en cuenta que los nuevos proyectos para 2017 podrían mantener en\r\npromedio el nivel de precios de 2016, si se lograra financiar un rebote fuerte\r\nen el gasto de ejecución de la obra pública, se podría contribuir\r\nsignificativamente al crecimiento del PIB Real. <o:p></o:p></p>\r\n\r\n<p class=\"MsoNormal\">La política monetaria empieza a ser menos contractiva luego\r\nde la baja de la tasa de interés y la expansión en el margen de la base\r\nmonetaria en las últimas licitaciones de Lebacs frente a los altos vencimientos\r\nde letras, algo que podría empezar a dinamizar el crédito al sector privado. En\r\ntodo caso, el desafío de corto plazo será manejar el nuevo equilibrio\r\ndólar-tasa de interés para mantener las expectativas de inflación ancladas\r\nfrente a las negociaciones paritarias que se avecinan. <o:p></o:p></p>\r\n\r\n<p class=\"MsoNormal\">Además, Brasil dejaría de restar, la baja de la tasa de\r\ninterés de la política monetaria en ese país podría empezar a ayudar si el\r\ningreso de los capitales se mantiene frente a la incertidumbre política y\r\nfiscal. <o:p></o:p></p>\r\n\r\n<p class=\"MsoNormal\">Por último, el ingreso de dólares por el sinceramiento\r\nfiscal ayudaría desde el lado fiscal, cambiario y por el lado de la\r\nreactivación del crédito.<o:p></o:p></p>\r\n\r\n<p class=\"MsoNormal\">Tentativamente, y luego del aumento en la volatilidad de los\r\nmercados internacionales reflejada en la aceleración en las expectativas de\r\ninflación en EE.UU., el empinamiento en la curva de rendimientos de los bonos\r\ndel Tesoro en EE.UU. y el desarme del carry trade en bonos y monedas emergentes\r\nluego del “efecto Trump”, construimos un escenario alternativo en el cual los\r\nmercados internacionales de crédito se cierran y la política económica se ve\r\nforzada a priorizar el activo de la flexibilidad cambiaria de largo plazo por\r\nsobre el ancla cambiaria (atraso cambiario/adelanto salarial) de corto plazo.\r\nEn este escenario alternativo, los salarios no le ganan a una inflación que se\r\nacelera frente a un movimiento más rápido del tipo de cambio, el consumo no\r\ntracciona y el crecimiento en 2017 (2,9%) quedaría explicado casi\r\nexclusivamente por el rebote fuerte en la inversión (12%) impulsado por la obra\r\npública.<o:p></o:p></p>\r\n\r\n<p class=\"MsoNormal\">*Especial agradecimiento a Federico Furiase - Economista de\r\nEstudio Bein &amp; Asociados por su colaboración en este artículo.<o:p></o:p></p></div>', '2017-05-25 15:44:04', 1, 11, '2017-05-25 00:00:00', NULL, '2017-05-26 17:42:34', 2, 1),
(21, 1, 'Make America great again? El efecto Donald Trump.', 'A pesar de haber recibido casi dos millones de adhesiones populares ...', '<div style=\"margin: 0px; padding: 0px; border: 0px; font-family: Roboto, sans-serif; font-size: 17.6px;\"><p class=\"MsoNormal\">A pesar de haber recibido casi dos millones de adhesiones\r\npopulares menos que su contrincante demócrata Hillary Clinton, el empresario de\r\nbienes raíces y estrella de la televisión, Donald J. Trump, logró obtener los\r\nvotos necesarios en el colegio electoral y convertirse así, a sus 70 años de\r\nedad, en el Presidente número 45 de los Estados Unidos. El candidato\r\nrepublicano logró imponerse por escaso margen en estados importantes como la\r\nFlorida y Carolina del Norte, aunque indudablemente las mayores sorpresas\r\nvinieron en dos de los estados considerados bastiones demócratas como lo son\r\nPennsylvania y Wisconsin. Toda una lección para el partido de Obama. <o:p></o:p></p>\r\n\r\n<p class=\"MsoNormal\">A grandes rasgos, y por lo que se ha podido deducir de sus\r\ndiscursos, las principales líneas de pensamiento de gobierno son las\r\nsiguientes:<o:p></o:p></p>\r\n\r\n<p class=\"MsoNormal\">•&nbsp;&nbsp;&nbsp;&nbsp;&nbsp;&nbsp;&nbsp;&nbsp;&nbsp;&nbsp;&nbsp;&nbsp; Reforma tributaria\r\n– luego de tres décadas se planea revisar la carga impositiva de los\r\nnorteamericanos. En la cabeza de Trump está recortar considerablemente la carga\r\nimpositiva de las compañías y de los trabajadores. A su vez tiene como objetivo\r\nel incentivar la repatriación de liquidez y dividendos generados en el exterior\r\nque hoy son altamente onerosas para las propias compañías norteamericanas.<o:p></o:p></p>\r\n\r\n<p class=\"MsoNormal\">•&nbsp;&nbsp;&nbsp;&nbsp;&nbsp;&nbsp;&nbsp;&nbsp;&nbsp;&nbsp;&nbsp;&nbsp; Plan de\r\nInfraestructura – lo novedoso aquí no es el mayor o menor presupuesto que logre\r\nasignar desde el estado, si no la apuesta a utilizar la menor cantidad de\r\nrecursos públicos incentivando las mega inversiones privadas a cambio de\r\ncréditos fiscales. También es probable que se recurra a los fondos de pensión\r\nestatales para financiar ciertos proyectos que inclusive puedan ir más allá de\r\nlas fronteras estatales en las que se enfocan dichos fondos. <o:p></o:p></p>\r\n\r\n<p class=\"MsoNormal\">•&nbsp;&nbsp;&nbsp;&nbsp;&nbsp;&nbsp;&nbsp;&nbsp;&nbsp;&nbsp;&nbsp;&nbsp; Aliviar\r\nel marco regulatorio – uno de los puntos más álgidos de la campaña estuvo en el\r\ncuestionamiento sobre el cumplimiento regulatorio en sus empresas.\r\nIndudablemente durante esta nueva administración se revisarán y posiblemente\r\nderogarán varios proyectos o inclusive leyes sancionadas. La ley de Reforma de\r\nWall Street y Protección del Consumidor conocida como la Ley Dodd-Frank,\r\npromulgada por Barack Obama en julio de 2010, será una de ellas. La ley de\r\nProtección al Paciente y Cuidado de Salud Asequible conocida como el\r\n“Obamacare” es candidata al ocaso. Estos dos ejemplos tienen un impacto directo\r\nen el sector financiero y en el sector de seguros de salud. Pero no serán los\r\núnicos sectores en donde se intentará una política de mayor competencia entre\r\nprivados. El sector industrial y especialmente el de energía será otro en donde\r\nse darán grandes cambios a lo largo de estos cuatro años.&nbsp;&nbsp; <o:p></o:p></p>\r\n\r\n<p class=\"MsoNormal\">•&nbsp;&nbsp;&nbsp;&nbsp;&nbsp;&nbsp;&nbsp;&nbsp;&nbsp;&nbsp;&nbsp;&nbsp; Política\r\nExterior – una de las grandes incógnitas de este nuevo gobierno se centra en el\r\nmanejo de las relaciones diplomáticas y comerciales con el resto del mundo. El\r\npróximo presidente ha sido muy claro en su intención de renegociar los tratados\r\nbilaterales y multilaterales existentes. Su retórica ha sido bastante agresiva\r\nen este punto, dejando deslizar la posibilidad de una profunda revisión de\r\npolíticas arancelarias con sus socios comerciales. El NAFTA seguramente sea\r\nobjeto de revisión, al igual que los acuerdos con China y el resto del mundo.<o:p></o:p></p>\r\n\r\n<p class=\"MsoNormal\">•&nbsp;&nbsp;&nbsp;&nbsp;&nbsp;&nbsp;&nbsp;&nbsp;&nbsp;&nbsp;&nbsp;&nbsp; Reforma\r\nmigratoria – indudablemente uno de los aspectos más polémicos en la retórica de\r\ncampaña de Trump fue el trato hacia los inmigrantes. Desde el famoso muro en la\r\nfrontera con México hasta la deportación “express” de millones de extranjeros.\r\nEstá por verse cuáles serán las medidas efectivamente a tomarse. Los primeros\r\ncálculos hablan del entorno de tres millones de deportados, una cifra similar a\r\nla que homologó su antecesor desde que llegó a la Casa Blanca. <o:p></o:p></p>\r\n\r\n<br>\r\n\r\n<p class=\"MsoNormal\"><span style=\"font-size:10.0pt;mso-bidi-font-size:11.0pt;\r\nline-height:115%\">Aprobación de Barack Obama sobre la Ley de Salud (Obamacare)<o:p></o:p></span></p>\r\n\r\n<p class=\"MsoNormal\"><span style=\"font-size:10.0pt;mso-bidi-font-size:11.0pt;\r\nline-height:115%\"><o:p>&nbsp;</o:p></span></p>\r\n\r\n<p class=\"MsoNormal\">A priori todas las medidas parecen ir en línea con una\r\nreactivación económica. Menores cargas impositivas, menores cargas legales,\r\nmayor flexibilidad para invertir y mayor protección de la industria y mano de\r\nobra local parecen ir en la dirección correcta. Esto ha generado un efecto\r\ninmediato en las expectativas de inflación. La era post elecciones ha\r\ndesencadenado una clara divergencia entre el rumbo de las acciones y de la\r\nrenta fija. Si bien esto debería ser algo normal, había dejado de serlo tras el\r\ncolapso de Lehman Brothers.&nbsp; Pero\r\nrepasemos qué efecto ha tenido y puede tener en los mercados este fenómeno. A\r\ngrandes rasgos podríamos dividirlos en dos. <o:p></o:p></p>\r\n\r\n<p class=\"MsoNormal\">El primero es, ante una expectativa de mayor crecimiento, un\r\ndólar más fuerte. Efectivamente la moneda americana ha tenido unos de sus\r\n“rallies” más fulminantes del último cuarto de siglo impulsado por este cambio\r\nde perspectiva en la economía americana que se suma a un mundo que crece a\r\ntasas sub par. El crecimiento genera mayores ingresos, y esto se traduce en un\r\nalza en los precios de los bienes y servicios. La inflación comienza a\r\npresionar al alza y las políticas monetarias juegan su rol. <o:p></o:p></p>\r\n\r\n<p class=\"MsoNormal\">Las subas de tasas que acompañan esta presión alimentan el\r\nfortalecimiento de la moneda, y encarecen las condiciones de financiamiento.\r\nEsto impacta directamente en la renta fija que debe ajustar por precios la\r\nnueva base de rendimientos. En tal sentido hemos visto un salto exponencial en\r\nlas tasas de referencia en un lapso muy corto de tiempo. Los bonos con mayor\r\n“duration” (exposición a la variabilidad de la tasa de interés) han sido los\r\nmás golpeados. El punto interesante es observar que los spreads entre sectores\r\nno necesariamente se han ampliado sino que lo que ha sucedido es que la base\r\npara tomar ese diferencial de rendimiento ahora es sencillamente más elevada.\r\nEsto es una mala noticia para los países emergentes, sobre todo, que tienen la\r\nnecesidad de financiarse en moneda extranjera y que ven no solo como el costo\r\nde emitir es naturalmente más elevado, si no que se ven afectados por el\r\ndebilitamiento natural de sus monedas frente al dólar americano.<o:p></o:p></p>\r\n\r\n<p class=\"MsoNormal\">El segundo impacto que observamos de manera inmediata es la\r\nrotación de sectores dentro del propio mercado de renta variable. Estos\r\nproyectos bajo la nueva administración republicana marcan una diferenciación\r\nclara entre los sectores más beneficiados y aquellos que no lo serán tanto. <o:p></o:p></p>\r\n\r\n<p class=\"MsoNormal\">Uno de los sectores que naturalmente se encuentran con una\r\nperspectiva muy prometedora, es el de financieras. La combinación de reglas más\r\nlaxas a la hora de operar (Dodd-Frank), crecimiento al alza y mayores tasas de\r\ninterés generan un dinamismo para uno de los sectores más severamente\r\ncastigados en la última década. Los otros dos sectores con potencial ante el\r\nnuevo esquema son el de salud y el de energía. Bajo la misma lógica de menores\r\ncargas regulatorias y mayores beneficios fiscales estos dos sectores, y en\r\nespecial algunos subsectores como el de seguros de salud, se verán ampliamente\r\nfavorecidos a nuestro juicio. La repatriación de dividendos también será un\r\nelemento clave para algunas multinacionales en la industria farmacéutica. El\r\nsector de energía se verá beneficiado por mayor demanda en el caso de\r\nejecutarse las prometidas inversiones en infraestructura al proyectarse una\r\nmayor demanda de gasolina. El otro sector claramente ganador es el de\r\nindustriales. No es casualidad que el índice que conglomera las 30 compañías\r\nmás importantes de este sector como el Dow Jones Industrials haya alcanzado su\r\nmáximo nivel apenas días después de las elecciones. Las empresas de maquinaria,\r\ncemento y metales deberían ser beneficiarias directas de todo este plan de\r\ninversiones para el próximo período.<o:p></o:p></p></div>', '2017-05-25 15:48:18', 1, 9, '2017-05-25 00:00:00', '2017-05-31 00:00:00', '2017-05-25 23:26:06', 2, 1),
(22, 1, 'Cinco temas macro de cara al 2017', 'Cuando uno forma parte de un equipo o comité de inversión...', '<p class=\"MsoNormal\">Cuando uno forma parte de un equipo o comité de inversión,\r\ntiene dentro de las tareas inherentes a la actividad la de establecer una hoja\r\nde ruta para el período que está analizando. El análisis no solo pasa por\r\nevaluar la coyuntura actual, sino por intentar adelantarse a los hechos que\r\npuedan marcar el rumbo de los mercados.<o:p></o:p></p>\r\n\r\n<p class=\"MsoNormal\">A priori identificamos cinco grandes temas que marcarán la\r\nagenda del 2017:<o:p></o:p></p>\r\n\r\n<p class=\"MsoListParagraphCxSpFirst\" style=\"margin-left:71.25pt;mso-add-space:\r\nauto;text-indent:-35.25pt;mso-list:l0 level1 lfo1\"><!--[if !supportLists]-->•<span style=\"font-variant-numeric: normal; font-stretch: normal; font-size: 7pt; line-height: normal; font-family: &quot;Times New Roman&quot;;\">&nbsp;&nbsp;&nbsp;&nbsp;&nbsp;&nbsp;&nbsp;&nbsp;&nbsp;&nbsp;&nbsp;&nbsp;&nbsp;&nbsp;&nbsp;&nbsp;&nbsp;&nbsp;&nbsp;\r\n</span><!--[endif]-->El ritmo de crecimiento la economía\r\nnorteamericana<o:p></o:p></p>\r\n\r\n<p class=\"MsoListParagraphCxSpMiddle\" style=\"margin-left:71.25pt;mso-add-space:\r\nauto;text-indent:-35.25pt;mso-list:l0 level1 lfo1\"><!--[if !supportLists]-->•<span style=\"font-variant-numeric: normal; font-stretch: normal; font-size: 7pt; line-height: normal; font-family: &quot;Times New Roman&quot;;\">&nbsp;&nbsp;&nbsp;&nbsp;&nbsp;&nbsp;&nbsp;&nbsp;&nbsp;&nbsp;&nbsp;&nbsp;&nbsp;&nbsp;&nbsp;&nbsp;&nbsp;&nbsp;&nbsp;\r\n</span><!--[endif]-->El fortalecimiento del dólar<o:p></o:p></p>\r\n\r\n<p class=\"MsoListParagraphCxSpMiddle\" style=\"margin-left:71.25pt;mso-add-space:\r\nauto;text-indent:-35.25pt;mso-list:l0 level1 lfo1\"><!--[if !supportLists]-->•<span style=\"font-variant-numeric: normal; font-stretch: normal; font-size: 7pt; line-height: normal; font-family: &quot;Times New Roman&quot;;\">&nbsp;&nbsp;&nbsp;&nbsp;&nbsp;&nbsp;&nbsp;&nbsp;&nbsp;&nbsp;&nbsp;&nbsp;&nbsp;&nbsp;&nbsp;&nbsp;&nbsp;&nbsp;&nbsp;\r\n</span><!--[endif]-->Las expectativas de inflación y los movimientos\r\nde la Reserva Federal<o:p></o:p></p>\r\n\r\n<p class=\"MsoListParagraphCxSpMiddle\" style=\"margin-left:71.25pt;mso-add-space:\r\nauto;text-indent:-35.25pt;mso-list:l0 level1 lfo1\"><!--[if !supportLists]-->•<span style=\"font-variant-numeric: normal; font-stretch: normal; font-size: 7pt; line-height: normal; font-family: &quot;Times New Roman&quot;;\">&nbsp;&nbsp;&nbsp;&nbsp;&nbsp;&nbsp;&nbsp;&nbsp;&nbsp;&nbsp;&nbsp;&nbsp;&nbsp;&nbsp;&nbsp;&nbsp;&nbsp;&nbsp;&nbsp;\r\n</span><!--[endif]-->El ciclo electoral en Europa<o:p></o:p></p>\r\n\r\n<p class=\"MsoListParagraphCxSpLast\" style=\"margin-left:71.25pt;mso-add-space:\r\nauto;text-indent:-35.25pt;mso-list:l0 level1 lfo1\"><!--[if !supportLists]-->•<span style=\"font-variant-numeric: normal; font-stretch: normal; font-size: 7pt; line-height: normal; font-family: &quot;Times New Roman&quot;;\">&nbsp;&nbsp;&nbsp;&nbsp;&nbsp;&nbsp;&nbsp;&nbsp;&nbsp;&nbsp;&nbsp;&nbsp;&nbsp;&nbsp;&nbsp;&nbsp;&nbsp;&nbsp;&nbsp;\r\n</span><!--[endif]-->La desaceleración en el crecimiento chino<o:p></o:p></p>\r\n\r\n<p class=\"MsoNormal\">Veamos rápidamente cómo pueden impactar cada uno de ellos y\r\nque acciones deberíamos tomar. <o:p></o:p></p>\r\n\r\n<p class=\"MsoNormal\"><u>Crecimiento norteamericano <o:p></o:p></u></p>\r\n\r\n<p class=\"MsoNormal\">Las últimas mediciones sobre el ritmo de la economía\r\nnorteamericana han sorprendido al alza. El crecimiento del PBI durante el\r\ntercer trimestre alcanza el 3.2%, su máximo nivel en dos años. Por su parte los\r\níndices líderes de actividad como lo son el ISM y el PMI han repuntado durante\r\nel mes de noviembre. El mercado laboral ha logrado generar nuevos puestos de\r\ntrabajo a un ritmo elevado (200k promedio durante los últimos 5 años) y con el\r\naliciente de que en los últimos meses se ha comenzado a observar algo de\r\npresión al alza en los salarios. Esta indudablemente es una de las principales\r\nrazones por la cual la Reserva Federal ha decidido subir la tasa de interés\r\nunos 25bps durante su última reunión del año. <o:p></o:p></p>\r\n\r\n<p class=\"MsoNormal\">A nadie sorprendió este aumento en las tasas, lo que si\r\nllamó la atención es que el Comité de Política Monetaria estima tres\r\nmovimientos más durante el 2017. Nosotros creemos que las subas se limitarán\r\núnicamente a dos, aunque el impacto de este anuncio fue inmediato. El aumento\r\nen los rendimientos y el fortalecimiento del dólar presentan un desafío para el\r\nmercado accionario.<o:p></o:p></p>\r\n\r\n<p class=\"MsoNormal\"><u>Fortalecimiento del dólar<o:p></o:p></u></p>\r\n\r\n<p class=\"MsoNormal\">Con respecto a la moneda norteamericana, la suba ha sido\r\nsuperior al 5% durante el año con un rally muy marcado luego de la victoria de\r\nTrump. Como ya hemos comentado, las expectativas de mayores estímulos fiscales\r\napuntando a un mayor crecimiento impactan directamente en el fortalecimiento de\r\nla moneda. El anuncio de tres movimientos al alza por parte de la FED también\r\nsirve de combustible para alimentar esta tendencia. Creemos que el dólar\r\npermanecerá estable o levemente al alza durante el 2017. Dependerá mucho de las\r\npolíticas que verdaderamente pueda implementar el novel presidente\r\nnorteamericano, especialmente por el ingreso de divisas que genere la\r\nrepatriación que puedan hacer las compañías ante una nueva realidad tributaria.\r\nEste escenario tiene sus consecuencias en el mercado accionario norteamericano.\r\nAquellas empresas con una importante porción de sus ingresos en el exterior se\r\nverán expuestas a menores retornos medidos en términos de dólares. Por su parte\r\nla competitividad de algunas de estas compañías también se verá afectada por\r\nuna moneda fortalecida en el tiempo.<o:p></o:p></p>\r\n\r\n<p class=\"MsoNormal\"><u>La inflación y la FED<o:p></o:p></u></p>\r\n\r\n<p class=\"MsoNormal\">Posiblemente la inflación continúe levemente al alza. La\r\nconfianza del consumidor alcanzó su nivel más alto de los últimos 13 años\r\ndurante el mes de diciembre (98.2). Las buenas condiciones en el mercado\r\nlaboral hacen que mejoren los salarios impactando directamente en el consumo.\r\nSi excluimos al sector energético de la ecuación, los precios de los servicios\r\nhan aumentado 3.1% durante el 2016. Con un sector energético normalizándose en\r\n2017 y una importante reforma tributaria como la que proyecta Donald Trump es\r\nposible que la presión inflacionaria continúe al alza. De todos modos no vemos\r\nrazones para alarmarnos con respecto a este punto y de hecho consideramos que\r\nel mercado está siendo demasiado optimista con respecto a este tema. La propia\r\nfortaleza del dólar y condiciones más restrictivas a la hora de tomar créditos\r\nactuarán como contrapesos naturales para el control de precios.&nbsp; Esta es la razón por la cual nuestro\r\nescenario base es el de únicamente dos movimientos el año que viene. Recordemos\r\nque a inicios del año que acaba de finalizar, los analistas también proyectaban\r\ncuatro movimientos y apenas hubo uno en la última reunión del año. <o:p></o:p></p>\r\n\r\n<p class=\"MsoNormal\"><u>Calendario electoral en Europa<o:p></o:p></u></p>\r\n\r\n<p class=\"MsoNormal\">Una de las principales incertidumbres de cara al año que\r\ncomienza es el cargado calendario político en Europa. El primer mojón lo\r\ntendremos en el mes de marzo cuando en Holanda se lleven a cabo las elecciones\r\nparlamentarias. El Partido por la Libertad de Geert Wilders intentará formar\r\nuna coalición que impulse el referéndum con respecto a la permanencia en la\r\nUnión Europea. Las encuestas no son muy favorables por el momento. El segundo\r\nhito se dará en el mes de abril con la primera ronda de las elecciones\r\npresidenciales en Francia. La segunda y definitiva vuelta será a principios de\r\nmayo. Sobre la misma época se darán las elecciones locales en el Reino Unido.\r\nSerá la primera prueba de fuego para la Primer Ministra Theresa May en su\r\nintento por llevar de forma ordenada el famoso Brexit.&nbsp; Por último también será un año agitado en\r\nAlemania. Habrán elecciones regionales a mediados de mayo, mientras que en\r\nseptiembre serán las parlamentarias. Angela Merkel se presentará por cuarto\r\ntérmino consecutivo en lo que será un referéndum sobre la política más\r\ninfluyente de Europa.&nbsp; <o:p></o:p></p>\r\n\r\n<p class=\"MsoNormal\"><u>Crecimiento en China<o:p></o:p></u></p>\r\n\r\n<p class=\"MsoNormal\">Por último, identificamos la desaceleración de la economía\r\nen China como uno de los temas más influyentes de cara al 2017. El gobierno de\r\nXi Jinping se encuentra frente a un desafío mayúsculo de cara a este nuevo\r\nmundo proteccionista post Brexit y post Trump. Deberá enfocarse en estabilizar\r\nla economía doméstica implementando algunas reformas estructurales&nbsp; combinando políticas monetarias más\r\nrestrictivas que intenten controlar la burbuja inmobiliaria y el apalancamiento\r\ncorporativo. Ya hemos visto algunas señales en este sentido durante el último\r\ntrimestre del 2016 cuando decidieron endurecer las condiciones de\r\nfinanciamiento de corto plazo. Uno de los objetivos es intentar canalizar el\r\ncrédito hacia la economía real y evitar la especulación inmobiliaria. Si bien\r\ncreemos que es una situación que el gobierno podrá controlar de forma\r\nrelativamente sencilla, es una luz amarilla en el camino del gigante asiático.\r\nEstamos proyectando un crecimiento de 6.5% para el 2017 impulsado mayormente\r\npor el consumo y obras de infraestructura fuera del sector inmobiliario. <o:p></o:p></p>\r\n\r\n<p class=\"MsoNormal\">El comercio entre Estados Unidos y China será algo\r\ninteresante de observar. Si bien ambos son muy dependientes el uno del otro, la\r\nretórica de Trump en campaña no nos permite descartar algún tipo de\r\ndesbarajuste en este sentido.&nbsp;<o:p></o:p></p>', '2017-05-25 15:51:11', 1, 8, '2017-05-25 00:00:00', NULL, '2017-05-25 23:24:54', 2, 1),
(23, 2, 'UK economic growth estimate revised down', 'The UK\'s economy grew more slowly than first estimated in the first three months of the year, as the key services sector lost momentum.', '<p style=\"border: 0px; color: rgb(64, 64, 64); font-variant-numeric: inherit; font-stretch: inherit; font-family: Helmet, Freesans, Helvetica, Arial, sans-serif; font-size: 1rem; line-height: 1.375; margin-top: 23px; margin-bottom: 0px; padding: 0px; vertical-align: baseline;\">Economic growth slowed to 0.2% in the quarter, the&nbsp;<a href=\"https://www.ons.gov.uk/economy/grossdomesticproductgdp/bulletins/secondestimateofgdp/quarter1jantomar2017\" class=\"story-body__link-external\" style=\"border-width: 0px 0px 1px; border-top-style: initial; border-right-style: initial; border-bottom-style: solid; border-left-style: initial; border-top-color: initial; border-right-color: initial; border-bottom-color: rgb(220, 220, 220); border-left-color: initial; border-image: initial; color: rgb(34, 34, 34); font-style: inherit; font-variant: inherit; font-stretch: inherit; font-family: inherit; font-size: 1rem; font-weight: bold; letter-spacing: inherit; line-height: 1.375; margin: 0px; padding: 0px; vertical-align: baseline; -webkit-tap-highlight-color: rgba(17, 103, 168, 0.3);\">Office for National Statistics (ONS)</a>&nbsp;said, down from the original estimate of 0.3%.</p><p style=\"border: 0px; color: rgb(64, 64, 64); font-variant-numeric: inherit; font-stretch: inherit; font-family: Helmet, Freesans, Helvetica, Arial, sans-serif; font-size: 1rem; line-height: 1.375; margin-top: 18px; margin-bottom: 0px; padding: 0px; vertical-align: baseline;\">The ONS said there had been a slowdown \"in consumer-focused industries, such as retail sales and accommodation\".</p><p style=\"border: 0px; color: rgb(64, 64, 64); font-variant-numeric: inherit; font-stretch: inherit; font-family: Helmet, Freesans, Helvetica, Arial, sans-serif; font-size: 1rem; line-height: 1.375; margin-top: 18px; margin-bottom: 0px; padding: 0px; vertical-align: baseline;\">\"This was partly due to rising prices,\" it added.</p><p style=\"border: 0px; color: rgb(64, 64, 64); font-variant-numeric: inherit; font-stretch: inherit; font-family: Helmet, Freesans, Helvetica, Arial, sans-serif; font-size: 1rem; line-height: 1.375; margin-top: 18px; margin-bottom: 0px; padding: 0px; vertical-align: baseline;\">In the last quarter of 2016 the UK economy had expanded by 0.7%, but many economists have been expecting it to slow this year as they predict consumers will cut back on spending in the face of accelerating inflation.</p><p style=\"border: 0px; color: rgb(64, 64, 64); font-variant-numeric: inherit; font-stretch: inherit; font-family: Helmet, Freesans, Helvetica, Arial, sans-serif; font-size: 1rem; line-height: 1.375; margin-top: 18px; margin-bottom: 0px; padding: 0px; vertical-align: baseline;\">The UK\'s inflation rate&nbsp;<a href=\"http://www.bbc.co.uk/news/business-39932653\" class=\"story-body__link\" style=\"border-width: 0px 0px 1px; border-top-style: initial; border-right-style: initial; border-bottom-style: solid; border-left-style: initial; border-top-color: initial; border-right-color: initial; border-bottom-color: rgb(220, 220, 220); border-left-color: initial; border-image: initial; color: rgb(34, 34, 34); font-style: inherit; font-variant: inherit; font-stretch: inherit; font-family: inherit; font-size: 1rem; font-weight: bold; letter-spacing: inherit; line-height: 1.375; margin: 0px; padding: 0px; vertical-align: baseline; -webkit-tap-highlight-color: rgba(17, 103, 168, 0.3);\">hit 2.7% in April</a>&nbsp;- the highest figure since September 2013.</p><h2 class=\"story-body__crosshead\" style=\"border: 0px; color: rgb(30, 30, 30); font-variant-numeric: inherit; font-stretch: inherit; font-family: Helmet, Freesans, Helvetica, Arial, sans-serif; font-size: 1.25rem; font-weight: inherit; line-height: 1.2; margin: 18px 0px 0px; padding: 0px; vertical-align: baseline;\">Investment pick-up</h2><p style=\"border: 0px; color: rgb(64, 64, 64); font-variant-numeric: inherit; font-stretch: inherit; font-family: Helmet, Freesans, Helvetica, Arial, sans-serif; font-size: 1rem; line-height: 1.375; margin-top: 18px; margin-bottom: 0px; padding: 0px; vertical-align: baseline;\">The services sector accounts for almost 80% of the economy, but the ONS now estimates that the sector expanded by just 0.2% in the first quarter of the year.</p><p style=\"border: 0px; color: rgb(64, 64, 64); font-variant-numeric: inherit; font-stretch: inherit; font-family: Helmet, Freesans, Helvetica, Arial, sans-serif; font-size: 1rem; line-height: 1.375; margin-top: 18px; margin-bottom: 0px; padding: 0px; vertical-align: baseline;\">That is down from the ONS\'s initial estimate of 0.3% and a sharp fall from the 0.8% growth recorded in the last quarter of 2016.</p><p style=\"border: 0px; color: rgb(64, 64, 64); font-variant-numeric: inherit; font-stretch: inherit; font-family: Helmet, Freesans, Helvetica, Arial, sans-serif; font-size: 1rem; line-height: 1.375; margin-top: 18px; margin-bottom: 0px; padding: 0px; vertical-align: baseline;\">The ONS added that the construction and manufacturing sectors showed \"little growth\", but said business services and finance \"continued to grow strongly\".</p><p style=\"border: 0px; color: rgb(64, 64, 64); font-variant-numeric: inherit; font-stretch: inherit; font-family: Helmet, Freesans, Helvetica, Arial, sans-serif; font-size: 1rem; line-height: 1.375; margin-top: 18px; margin-bottom: 0px; padding: 0px; vertical-align: baseline;\">There was also good news from business investment, which rose by 0.6% in the quarter after contracting at the end of last year.</p><p style=\"border: 0px; color: rgb(64, 64, 64); font-variant-numeric: inherit; font-stretch: inherit; font-family: Helmet, Freesans, Helvetica, Arial, sans-serif; font-size: 1rem; line-height: 1.375; margin-top: 18px; margin-bottom: 0px; padding: 0px; vertical-align: baseline;\">However, the net trade position weighed on the economy, following an increase in imports.</p><p style=\"border: 0px; color: rgb(64, 64, 64); font-variant-numeric: inherit; font-stretch: inherit; font-family: Helmet, Freesans, Helvetica, Arial, sans-serif; font-size: 1rem; line-height: 1.375; margin-top: 18px; margin-bottom: 0px; padding: 0px; vertical-align: baseline;\">The downward revision to the first-quarter\'s growth rate came as a surprise, but analysts said there was a good chance the growth rate could recover in the second quarter of the year.</p><p style=\"border: 0px; color: rgb(64, 64, 64); font-variant-numeric: inherit; font-stretch: inherit; font-family: Helmet, Freesans, Helvetica, Arial, sans-serif; font-size: 1rem; line-height: 1.375; margin-top: 18px; margin-bottom: 0px; padding: 0px; vertical-align: baseline;\">\"Looking ahead, the business surveys and April\'s strong performance on the High Street suggest that there is a good chance that quarterly GDP growth will rebound in the second quarter,\" said Ruth Gregory, UK economist at Capital Economics.</p><p style=\"border: 0px; color: rgb(64, 64, 64); font-variant-numeric: inherit; font-stretch: inherit; font-family: Helmet, Freesans, Helvetica, Arial, sans-serif; font-size: 1rem; line-height: 1.375; margin-top: 18px; margin-bottom: 0px; padding: 0px; vertical-align: baseline;\">However, other analysts said such a rebound might only be temporary.</p><p style=\"border: 0px; color: rgb(64, 64, 64); font-variant-numeric: inherit; font-stretch: inherit; font-family: Helmet, Freesans, Helvetica, Arial, sans-serif; font-size: 1rem; line-height: 1.375; margin-top: 18px; margin-bottom: 0px; padding: 0px; vertical-align: baseline;\">\"While we anticipate a modest bounce in the second quarter, the bigger picture remains one of 2017 seeing a weaker pace of growth,\" said Martin Beck, senior economic adviser to the EY Item Club.</p><p style=\"border: 0px; color: rgb(64, 64, 64); font-variant-numeric: inherit; font-stretch: inherit; font-family: Helmet, Freesans, Helvetica, Arial, sans-serif; font-size: 1rem; line-height: 1.375; margin-top: 18px; margin-bottom: 0px; padding: 0px; vertical-align: baseline;\">\"The economy is struggling to offset the drag from a weaker consumer.\"</p>', '2017-05-25 16:02:36', 1, 5, NULL, NULL, '2017-05-25 16:07:28', NULL, 1),
(24, 2, 'Opec extends oil production cuts', 'Oil-producing nations belonging to Opec have agreed to extend production cuts for a further nine months.', '<p style=\"border: 0px; color: rgb(64, 64, 64); font-variant-numeric: inherit; font-stretch: inherit; font-family: Helmet, Freesans, Helvetica, Arial, sans-serif; font-size: 1rem; line-height: 1.375; margin-top: 23px; margin-bottom: 0px; padding: 0px; vertical-align: baseline;\">Energy ministers have been meeting in Vienna to discuss extending the cut, which was due to expire next month.</p><p style=\"border: 0px; color: rgb(64, 64, 64); font-variant-numeric: inherit; font-stretch: inherit; font-family: Helmet, Freesans, Helvetica, Arial, sans-serif; font-size: 1rem; line-height: 1.375; margin-top: 18px; margin-bottom: 0px; padding: 0px; vertical-align: baseline;\"><a href=\"http://www.bbc.co.uk/news/business/market_data/commodities/143908/default.stm\" class=\"story-body__link\" style=\"border-width: 0px 0px 1px; border-top-style: initial; border-right-style: initial; border-bottom-style: solid; border-left-style: initial; border-top-color: initial; border-right-color: initial; border-bottom-color: rgb(220, 220, 220); border-left-color: initial; border-image: initial; color: rgb(34, 34, 34); font-style: inherit; font-variant: inherit; font-stretch: inherit; font-family: inherit; font-size: 1rem; font-weight: bold; letter-spacing: inherit; line-height: 1.375; margin: 0px; padding: 0px; vertical-align: baseline; -webkit-tap-highlight-color: rgba(17, 103, 168, 0.3);\">Brent crude</a>&nbsp;is 1.6% lower at $52.35 a barrel following confirmation of the extension until March 2018, while US oil is down 3.2% at $49.73.</p><p style=\"border: 0px; color: rgb(64, 64, 64); font-variant-numeric: inherit; font-stretch: inherit; font-family: Helmet, Freesans, Helvetica, Arial, sans-serif; font-size: 1rem; line-height: 1.375; margin-top: 18px; margin-bottom: 0px; padding: 0px; vertical-align: baseline;\">Non-Opec members, led by Russia, have also agreed to another nine-month production cut.</p><p style=\"border: 0px; color: rgb(64, 64, 64); font-variant-numeric: inherit; font-stretch: inherit; font-family: Helmet, Freesans, Helvetica, Arial, sans-serif; font-size: 1rem; line-height: 1.375; margin-top: 18px; margin-bottom: 0px; padding: 0px; vertical-align: baseline;\">Saudi Arabia\'s energy minister, Khaled al-Falih, who co-chaired the meeting with his Russian counterpart Alexander Novak, said: \"We considered various scenarios from six to nine to 12 months and we even considered options for higher cuts.</p><p style=\"border: 0px; color: rgb(64, 64, 64); font-variant-numeric: inherit; font-stretch: inherit; font-family: Helmet, Freesans, Helvetica, Arial, sans-serif; font-size: 1rem; line-height: 1.375; margin-top: 18px; margin-bottom: 0px; padding: 0px; vertical-align: baseline;\">\"All indications are solid that a nine-month extension is the optimum, and should bring us to within the five-year average of inventories by the end of the year.\"</p><p style=\"border: 0px; color: rgb(64, 64, 64); font-variant-numeric: inherit; font-stretch: inherit; font-family: Helmet, Freesans, Helvetica, Arial, sans-serif; font-size: 1rem; line-height: 1.375; margin-top: 18px; margin-bottom: 0px; padding: 0px; vertical-align: baseline;\">Opec countries and 11 other oil-producing nations, including Russia, first agreed to reduce production last December in an effort to boost flagging prices.</p><div><br></div><figure class=\"media-landscape no-caption full-width\" style=\"border: 0px; color: rgb(64, 64, 64); font-variant-numeric: inherit; font-stretch: inherit; font-family: Helmet, Freesans, Helvetica, Arial, sans-serif; line-height: inherit; margin-top: 24px; margin-right: -24.6375px; padding: 0px; vertical-align: baseline; clear: both;\"><span class=\"image-and-copyright-container\" style=\"border: 0px; color: inherit; font-style: inherit; font-variant: inherit; font-stretch: inherit; font-family: inherit; font-weight: inherit; letter-spacing: inherit; line-height: inherit; margin: 0px; padding: 0px; vertical-align: baseline; display: block; position: relative;\"></span></figure>', '2017-05-25 16:04:02', 1, 4, NULL, NULL, '2017-05-25 16:07:28', NULL, 1);
INSERT INTO `articulo` (`Id`, `IdiomaId`, `Titulo`, `Descripcion`, `Texto`, `FechaCreacion`, `UsuarioCreacion`, `Orden`, `FechaInicio`, `FechaFin`, `FechaEdicion`, `UsuarioEdicion`, `Activo`) VALUES
(25, 2, 'Ancestry.com denies exploiting users\' DNA', 'A leading genealogy service, Ancestry.com, has denied exploiting users\' DNA following criticism of its terms and conditions.', '<p style=\"border: 0px; color: rgb(64, 64, 64); font-variant-numeric: inherit; font-stretch: inherit; font-family: Helmet, Freesans, Helvetica, Arial, sans-serif; font-size: 1rem; line-height: 1.375; margin-top: 23px; margin-bottom: 0px; padding: 0px; vertical-align: baseline;\">The US company\'s DNA testing service has included a right to grant Ancestry a \"perpetual\" licence to use customers\' genetic material.</p><p style=\"border: 0px; color: rgb(64, 64, 64); font-variant-numeric: inherit; font-stretch: inherit; font-family: Helmet, Freesans, Helvetica, Arial, sans-serif; font-size: 1rem; line-height: 1.375; margin-top: 18px; margin-bottom: 0px; padding: 0px; vertical-align: baseline;\">A New York data protection lawyer spotted the clause and&nbsp;<a href=\"https://thinkprogress.org/ancestry-com-takes-dna-ownership-rights-from-customers-and-their-relatives-dbafeed02b9e\" class=\"story-body__link-external\" style=\"border-width: 0px 0px 1px; border-top-style: initial; border-right-style: initial; border-bottom-style: solid; border-left-style: initial; border-top-color: initial; border-right-color: initial; border-bottom-color: rgb(220, 220, 220); border-left-color: initial; border-image: initial; color: rgb(34, 34, 34); font-style: inherit; font-variant: inherit; font-stretch: inherit; font-family: inherit; font-size: 1rem; font-weight: bold; letter-spacing: inherit; line-height: 1.375; margin: 0px; padding: 0px; vertical-align: baseline; -webkit-tap-highlight-color: rgba(17, 103, 168, 0.3);\">published a blog</a>warning about privacy implications.</p><p style=\"border: 0px; color: rgb(64, 64, 64); font-variant-numeric: inherit; font-stretch: inherit; font-family: Helmet, Freesans, Helvetica, Arial, sans-serif; font-size: 1rem; line-height: 1.375; margin-top: 18px; margin-bottom: 0px; padding: 0px; vertical-align: baseline;\">Ancestry told BBC Radio 4\'s&nbsp;<a href=\"http://www.bbc.co.uk/programmes/b08qxfrj\" class=\"story-body__link\" style=\"border-width: 0px 0px 1px; border-top-style: initial; border-right-style: initial; border-bottom-style: solid; border-left-style: initial; border-top-color: initial; border-right-color: initial; border-bottom-color: rgb(220, 220, 220); border-left-color: initial; border-image: initial; color: rgb(34, 34, 34); font-style: inherit; font-variant: inherit; font-stretch: inherit; font-family: inherit; font-size: 1rem; font-weight: bold; letter-spacing: inherit; line-height: 1.375; margin: 0px; padding: 0px; vertical-align: baseline; -webkit-tap-highlight-color: rgba(17, 103, 168, 0.3);\">You and Yours</a>&nbsp;its terms were being changed.</p><p style=\"border: 0px; color: rgb(64, 64, 64); font-variant-numeric: inherit; font-stretch: inherit; font-family: Helmet, Freesans, Helvetica, Arial, sans-serif; font-size: 1rem; line-height: 1.375; margin-top: 18px; margin-bottom: 0px; padding: 0px; vertical-align: baseline;\">Headquartered in Utah, Ancestry is among the world\'s largest for-profit genealogy firms, with a DNA testing service available in more than 30 countries.</p><h2 class=\"story-body__crosshead\" style=\"border: 0px; color: rgb(30, 30, 30); font-variant-numeric: inherit; font-stretch: inherit; font-family: Helmet, Freesans, Helvetica, Arial, sans-serif; font-size: 1.25rem; font-weight: inherit; line-height: 1.2; margin: 18px 0px 0px; padding: 0px; vertical-align: baseline;\">\'Perpetual\'</h2><p style=\"border: 0px; color: rgb(64, 64, 64); font-variant-numeric: inherit; font-stretch: inherit; font-family: Helmet, Freesans, Helvetica, Arial, sans-serif; font-size: 1rem; line-height: 1.375; margin-top: 18px; margin-bottom: 0px; padding: 0px; vertical-align: baseline;\">The company, which uses customers\' saliva samples to predict their genetic ethnicity and find new family connections, claims to have more than 4 million DNA profiles in its database.</p><p style=\"border: 0px; color: rgb(64, 64, 64); font-variant-numeric: inherit; font-stretch: inherit; font-family: Helmet, Freesans, Helvetica, Arial, sans-serif; font-size: 1rem; line-height: 1.375; margin-top: 18px; margin-bottom: 0px; padding: 0px; vertical-align: baseline;\">Ancestry also stores the profiles forever, unless users ask for them to be destroyed.</p><p style=\"border: 0px; color: rgb(64, 64, 64); font-variant-numeric: inherit; font-stretch: inherit; font-family: Helmet, Freesans, Helvetica, Arial, sans-serif; font-size: 1rem; line-height: 1.375; margin-top: 18px; margin-bottom: 0px; padding: 0px; vertical-align: baseline;\">The company\'s terms and conditions have stated that users grant the company a \"perpetual, royalty-free, worldwide, sublicensable, transferable license\" to their DNA data, for purposes including \"personalised products and services\".</p><p style=\"border: 0px; color: rgb(64, 64, 64); font-variant-numeric: inherit; font-stretch: inherit; font-family: Helmet, Freesans, Helvetica, Arial, sans-serif; font-size: 1rem; line-height: 1.375; margin-top: 18px; margin-bottom: 0px; padding: 0px; vertical-align: baseline;\">In a statement to You and Yours, an Ancestry spokesperson said the company \"never takes ownership of a customer\'s data\" and would \"remove the perpetuity clause\".</p><p style=\"border: 0px; color: rgb(64, 64, 64); font-variant-numeric: inherit; font-stretch: inherit; font-family: Helmet, Freesans, Helvetica, Arial, sans-serif; font-size: 1rem; line-height: 1.375; margin-top: 18px; margin-bottom: 0px; padding: 0px; vertical-align: baseline;\">It added: \"We will honour our commitment to delete user data or destroy their DNA sample if they request it. The user is in control.\"</p><h2 class=\"story-body__crosshead\" style=\"border: 0px; color: rgb(30, 30, 30); font-variant-numeric: inherit; font-stretch: inherit; font-family: Helmet, Freesans, Helvetica, Arial, sans-serif; font-size: 1.25rem; font-weight: inherit; line-height: 1.2; margin: 18px 0px 0px; padding: 0px; vertical-align: baseline;\">\'Unaware\'</h2><p style=\"border: 0px; color: rgb(64, 64, 64); font-variant-numeric: inherit; font-stretch: inherit; font-family: Helmet, Freesans, Helvetica, Arial, sans-serif; font-size: 1rem; line-height: 1.375; margin-top: 18px; margin-bottom: 0px; padding: 0px; vertical-align: baseline;\">Joel Winston, a consumer rights lawyer and former New Jersey State deputy attorney-general, was one of the first to spot the legal wording and to warn of the possible implications.</p><p style=\"border: 0px; color: rgb(64, 64, 64); font-variant-numeric: inherit; font-stretch: inherit; font-family: Helmet, Freesans, Helvetica, Arial, sans-serif; font-size: 1rem; line-height: 1.375; margin-top: 18px; margin-bottom: 0px; padding: 0px; vertical-align: baseline;\">\"Ancestry.com takes ownership of your DNA forever; your ownership of your DNA, on the other hand, is limited in years,\" he said.</p><p style=\"border: 0px; color: rgb(64, 64, 64); font-variant-numeric: inherit; font-stretch: inherit; font-family: Helmet, Freesans, Helvetica, Arial, sans-serif; font-size: 1rem; line-height: 1.375; margin-top: 18px; margin-bottom: 0px; padding: 0px; vertical-align: baseline;\">He added: \"How many people really read those contracts before clicking to agree? How many relatives of Ancestry.com customers are also reading?\"</p>', '2017-05-25 16:05:24', 1, 3, NULL, NULL, '2017-05-25 16:07:28', NULL, 1),
(26, 2, 'Apple\'s Jonathan Ive says immigration vital for UK firms', 'The UK must keep its doors open to top talent from around the world if its technology firms are to thrive, Apple\'s chief designer has told the BBC.', '<p style=\"border: 0px; color: rgb(64, 64, 64); font-variant-numeric: inherit; font-stretch: inherit; font-family: Helmet, Freesans, Helvetica, Arial, sans-serif; font-size: 1rem; line-height: 1.375; margin-top: 23px; margin-bottom: 0px; padding: 0px; vertical-align: baseline;\">Sir Jonathan Ive,&nbsp;<a href=\"https://www.rca.ac.uk/news-and-events/news/sir-jony-ive-kbe-appointed-chancellor-royal-college-art/\" class=\"story-body__link-external\" style=\"border-width: 0px 0px 1px; border-top-style: initial; border-right-style: initial; border-bottom-style: solid; border-left-style: initial; border-top-color: initial; border-right-color: initial; border-bottom-color: rgb(220, 220, 220); border-left-color: initial; border-image: initial; color: rgb(34, 34, 34); font-style: inherit; font-variant: inherit; font-stretch: inherit; font-family: inherit; font-size: 1rem; font-weight: bold; letter-spacing: inherit; line-height: 1.375; margin: 0px; padding: 0px; vertical-align: baseline; -webkit-tap-highlight-color: rgba(17, 103, 168, 0.3);\">who has just been appointed</a>&nbsp;Chancellor of the Royal College of Art, also said that technology hubs like Silicon Valley had a \"tremendous cultural diversity\".</p><p style=\"border: 0px; color: rgb(64, 64, 64); font-variant-numeric: inherit; font-stretch: inherit; font-family: Helmet, Freesans, Helvetica, Arial, sans-serif; font-size: 1rem; line-height: 1.375; margin-top: 18px; margin-bottom: 0px; padding: 0px; vertical-align: baseline;\">The iPhone designer did not comment on efforts to curb UK immigration.</p><p style=\"border: 0px; color: rgb(64, 64, 64); font-variant-numeric: inherit; font-stretch: inherit; font-family: Helmet, Freesans, Helvetica, Arial, sans-serif; font-size: 1rem; line-height: 1.375; margin-top: 18px; margin-bottom: 0px; padding: 0px; vertical-align: baseline;\">Some technology firms fear they may lose access to talent after Brexit.</p><p style=\"border: 0px; color: rgb(64, 64, 64); font-variant-numeric: inherit; font-stretch: inherit; font-family: Helmet, Freesans, Helvetica, Arial, sans-serif; font-size: 1rem; line-height: 1.375; margin-top: 18px; margin-bottom: 0px; padding: 0px; vertical-align: baseline;\">\"That general principle [on access] is terribly important for creating a context for multiple companies to grow and in a healthy way explore and develop new products and new product types,\" Sir Jonathan told BBC Radio 4\'s Today programme.</p><p style=\"border: 0px; color: rgb(64, 64, 64); font-variant-numeric: inherit; font-stretch: inherit; font-family: Helmet, Freesans, Helvetica, Arial, sans-serif; font-size: 1rem; line-height: 1.375; margin-top: 18px; margin-bottom: 0px; padding: 0px; vertical-align: baseline;\"><br></p><h2 class=\"story-body__crosshead\" style=\"border: 0px; color: rgb(30, 30, 30); font-variant-numeric: inherit; font-stretch: inherit; font-family: Helmet, Freesans, Helvetica, Arial, sans-serif; font-size: 1.25rem; font-weight: inherit; line-height: 1.2; margin: 18px 0px 0px; padding: 0px; vertical-align: baseline;\">Fabulous tradition</h2><p style=\"border: 0px; color: rgb(64, 64, 64); font-variant-numeric: inherit; font-stretch: inherit; font-family: Helmet, Freesans, Helvetica, Arial, sans-serif; font-size: 1rem; line-height: 1.375; margin-top: 18px; margin-bottom: 0px; padding: 0px; vertical-align: baseline;\">The Briton has led Apple\'s design team since 1996 and is responsible for the look and feel of its devices such as the iPhone and iPod.</p><p style=\"border: 0px; color: rgb(64, 64, 64); font-variant-numeric: inherit; font-stretch: inherit; font-family: Helmet, Freesans, Helvetica, Arial, sans-serif; font-size: 1rem; line-height: 1.375; margin-top: 18px; margin-bottom: 0px; padding: 0px; vertical-align: baseline;\">Sir Jonathan said the UK had a \"fabulous tradition of design education\", but that it needed to do more to become a technology hub on a par with Silicon Valley in California, where the likes of Apple, Facebook and Google are based.</p><p style=\"border: 0px; color: rgb(64, 64, 64); font-variant-numeric: inherit; font-stretch: inherit; font-family: Helmet, Freesans, Helvetica, Arial, sans-serif; font-size: 1rem; line-height: 1.375; margin-top: 18px; margin-bottom: 0px; padding: 0px; vertical-align: baseline;\">\"I think Silicon Valley has infrastructures to support start-up companies ... ranging from technological support through to funding,\" he said.</p><p style=\"border: 0px; color: rgb(64, 64, 64); font-variant-numeric: inherit; font-stretch: inherit; font-family: Helmet, Freesans, Helvetica, Arial, sans-serif; font-size: 1rem; line-height: 1.375; margin-top: 18px; margin-bottom: 0px; padding: 0px; vertical-align: baseline;\">\"And there is the sense that failure isn\'t irreversible, so very often people will work on an idea, and there isn\'t the same sense of stigma when one idea and perhaps one company doesn\'t work out.\"</p><p style=\"border: 0px; color: rgb(64, 64, 64); font-variant-numeric: inherit; font-stretch: inherit; font-family: Helmet, Freesans, Helvetica, Arial, sans-serif; font-size: 1rem; line-height: 1.375; margin-top: 18px; margin-bottom: 0px; padding: 0px; vertical-align: baseline;\">The region also prided itself on its diversity, allowing \"like-minded\" people from around the world to join forces to create new products.</p>', '2017-05-25 16:06:29', 1, 2, NULL, NULL, '2017-05-25 16:07:28', NULL, 1),
(27, 2, 'Petrofac executive suspended amid fraud probe', 'Shares in Petrofac have dived almost 30% after the oilfield services firm suspended its chief operating officer Marwan Chedid amid a fraud inquiry.', '<p style=\"border: 0px; color: rgb(64, 64, 64); font-variant-numeric: inherit; font-stretch: inherit; font-family: Helmet, Freesans, Helvetica, Arial, sans-serif; font-size: 1rem; line-height: 1.375; margin-top: 23px; margin-bottom: 0px; padding: 0px; vertical-align: baseline;\">The Serious Fraud Office is probing the firm over allegations of \"bribery, corruption and money laundering\" relating to oil contractor Unaoil.</p><p style=\"border: 0px; color: rgb(64, 64, 64); font-variant-numeric: inherit; font-stretch: inherit; font-family: Helmet, Freesans, Helvetica, Arial, sans-serif; font-size: 1rem; line-height: 1.375; margin-top: 18px; margin-bottom: 0px; padding: 0px; vertical-align: baseline;\">Petrofac said Mr Chedid had been arrested by the SFO earlier this month and later released without charge.</p><p style=\"border: 0px; color: rgb(64, 64, 64); font-variant-numeric: inherit; font-stretch: inherit; font-family: Helmet, Freesans, Helvetica, Arial, sans-serif; font-size: 1rem; line-height: 1.375; margin-top: 18px; margin-bottom: 0px; padding: 0px; vertical-align: baseline;\">But he has now been suspended \"until further notice\" and has quit the board.</p><p style=\"border: 0px; color: rgb(64, 64, 64); font-variant-numeric: inherit; font-stretch: inherit; font-family: Helmet, Freesans, Helvetica, Arial, sans-serif; font-size: 1rem; line-height: 1.375; margin-top: 18px; margin-bottom: 0px; padding: 0px; vertical-align: baseline;\">Chief executive Ayman Asfari, who was also arrested and released without charge, will continue in his role, although he will not be involved in any matters connected to the investigation, Petrofac said.</p><p style=\"border: 0px; color: rgb(64, 64, 64); font-variant-numeric: inherit; font-stretch: inherit; font-family: Helmet, Freesans, Helvetica, Arial, sans-serif; font-size: 1rem; line-height: 1.375; margin-top: 18px; margin-bottom: 0px; padding: 0px; vertical-align: baseline;\">Chairman Rijnhard van Tets said: \"These decisions signal the board\'s determination to co-operate fully with the SFO and its investigation, whilst ensuring Petrofac continues to deliver for its clients.\"</p><h2 class=\"story-body__crosshead\" style=\"border: 0px; color: rgb(30, 30, 30); font-variant-numeric: inherit; font-stretch: inherit; font-family: Helmet, Freesans, Helvetica, Arial, sans-serif; font-size: 1.25rem; font-weight: inherit; line-height: 1.2; margin: 18px 0px 0px; padding: 0px; vertical-align: baseline;\">Wider investigation</h2><p style=\"border: 0px; color: rgb(64, 64, 64); font-variant-numeric: inherit; font-stretch: inherit; font-family: Helmet, Freesans, Helvetica, Arial, sans-serif; font-size: 1rem; line-height: 1.375; margin-top: 18px; margin-bottom: 0px; padding: 0px; vertical-align: baseline;\">Earlier in May the SFO confirmed it was investigating Petrofac as part of a&nbsp;<a href=\"https://www.sfo.gov.uk/cases/unaoil/\" class=\"story-body__link-external\" style=\"border-width: 0px 0px 1px; border-top-style: initial; border-right-style: initial; border-bottom-style: solid; border-left-style: initial; border-top-color: initial; border-right-color: initial; border-bottom-color: rgb(220, 220, 220); border-left-color: initial; border-image: initial; color: rgb(34, 34, 34); font-style: inherit; font-variant: inherit; font-stretch: inherit; font-family: inherit; font-size: 1rem; font-weight: bold; letter-spacing: inherit; line-height: 1.375; margin: 0px; padding: 0px; vertical-align: baseline; -webkit-tap-highlight-color: rgba(17, 103, 168, 0.3);\">wider investigation into Unaoil</a>, a Monaco-based firm that it has accused of corruptly securing contracts for dozens of multinationals.</p><p style=\"border: 0px; color: rgb(64, 64, 64); font-variant-numeric: inherit; font-stretch: inherit; font-family: Helmet, Freesans, Helvetica, Arial, sans-serif; font-size: 1rem; line-height: 1.375; margin-top: 18px; margin-bottom: 0px; padding: 0px; vertical-align: baseline;\">It followed an internal investigation by Petrofac whose findings have been rejected by the SFO.</p><p style=\"border: 0px; color: rgb(64, 64, 64); font-variant-numeric: inherit; font-stretch: inherit; font-family: Helmet, Freesans, Helvetica, Arial, sans-serif; font-size: 1rem; line-height: 1.375; margin-top: 18px; margin-bottom: 0px; padding: 0px; vertical-align: baseline;\">On Thursday,&nbsp;<a href=\"https://www.petrofac.com/en-gb/media/news/\" class=\"story-body__link-external\" style=\"border-width: 0px 0px 1px; border-top-style: initial; border-right-style: initial; border-bottom-style: solid; border-left-style: initial; border-top-color: initial; border-right-color: initial; border-bottom-color: rgb(220, 220, 220); border-left-color: initial; border-image: initial; color: rgb(34, 34, 34); font-style: inherit; font-variant: inherit; font-stretch: inherit; font-family: inherit; font-size: 1rem; font-weight: bold; letter-spacing: inherit; line-height: 1.375; margin: 0px; padding: 0px; vertical-align: baseline; -webkit-tap-highlight-color: rgba(17, 103, 168, 0.3);\">Petrofac said</a>&nbsp;it had formed a special board committee to manage the firm\'s dealings with investigators. It is made up of its chairman, chief financial officer and independent non-executive directors.</p><p style=\"border: 0px; color: rgb(64, 64, 64); font-variant-numeric: inherit; font-stretch: inherit; font-family: Helmet, Freesans, Helvetica, Arial, sans-serif; font-size: 1rem; line-height: 1.375; margin-top: 18px; margin-bottom: 0px; padding: 0px; vertical-align: baseline;\">Citing the \"scale of the investigation\", it has also called in an external specialist to oversee the firm\'s response to the probe.</p><p style=\"border: 0px; color: rgb(64, 64, 64); font-variant-numeric: inherit; font-stretch: inherit; font-family: Helmet, Freesans, Helvetica, Arial, sans-serif; font-size: 1rem; line-height: 1.375; margin-top: 18px; margin-bottom: 0px; padding: 0px; vertical-align: baseline;\">Petrofac says it engaged Unaoil for the provision of local consultancy services, primarily in Kazakhstan, between 2002 and 2009.</p><p style=\"border: 0px; color: rgb(64, 64, 64); font-variant-numeric: inherit; font-stretch: inherit; font-family: Helmet, Freesans, Helvetica, Arial, sans-serif; font-size: 1rem; line-height: 1.375; margin-top: 18px; margin-bottom: 0px; padding: 0px; vertical-align: baseline;\">It previously claimed to have found no evidence of wrongdoing with regards to its ties to the firm.</p><p style=\"border: 0px; color: rgb(64, 64, 64); font-variant-numeric: inherit; font-stretch: inherit; font-family: Helmet, Freesans, Helvetica, Arial, sans-serif; font-size: 1rem; line-height: 1.375; margin-top: 18px; margin-bottom: 0px; padding: 0px; vertical-align: baseline;\">Unaoil&nbsp;<a href=\"http://www.bbc.co.uk/programmes/b079prlt\" class=\"story-body__link\" style=\"border-width: 0px 0px 1px; border-top-style: initial; border-right-style: initial; border-bottom-style: solid; border-left-style: initial; border-top-color: initial; border-right-color: initial; border-bottom-color: rgb(220, 220, 220); border-left-color: initial; border-image: initial; color: rgb(34, 34, 34); font-style: inherit; font-variant: inherit; font-stretch: inherit; font-family: inherit; font-size: 1rem; font-weight: bold; letter-spacing: inherit; line-height: 1.375; margin: 0px; padding: 0px; vertical-align: baseline; -webkit-tap-highlight-color: rgba(17, 103, 168, 0.3);\">has denied</a>&nbsp;claims it helped British and other companies win contracts by bribing politicians and government officials.</p>', '2017-05-25 16:07:28', 1, 1, NULL, NULL, '2017-05-25 16:07:28', NULL, 1);

-- --------------------------------------------------------

--
-- Table structure for table `articulomultimedia`
--

CREATE TABLE `articulomultimedia` (
  `Id` int(11) NOT NULL,
  `ArticuloId` int(11) NOT NULL,
  `MultimediaRuta` varchar(100) COLLATE utf8_spanish_ci NOT NULL,
  `TipoMultimediaId` int(1) NOT NULL DEFAULT '1',
  `Activo` tinyint(1) NOT NULL DEFAULT '1'
) ENGINE=InnoDB DEFAULT CHARSET=utf8 COLLATE=utf8_spanish_ci ROW_FORMAT=COMPACT;

--
-- Dumping data for table `articulomultimedia`
--

INSERT INTO `articulomultimedia` (`Id`, `ArticuloId`, `MultimediaRuta`, `TipoMultimediaId`, `Activo`) VALUES
(13, 18, 'img/articles/home/7edb90fd-21e1-45b7-af19-6bf3eea487d1.jpg', 2, 1),
(14, 18, 'img/articles/cover/e17d9df2-587c-4244-bfa7-45a740cb8d65.jpg', 1, 1),
(15, 19, 'img/articles/home/f9e460f5-de05-4d70-a7ea-3cdeec93bb44.jpeg', 2, 0),
(16, 19, 'img/articles/cover/94239585-7b74-43e0-a530-50b25d18750a.jpg', 1, 0),
(17, 20, 'img/articles/home/2697a085-8e2e-452b-b015-95e66492585e.jpeg', 2, 0),
(18, 20, 'img/articles/cover/c9a97a55-6224-43ed-ba3e-cf1bccc9f115.jpg', 1, 0),
(19, 21, 'img/articles/home/450c42cc-58ee-4331-b925-cc8be0200b1a.jpg', 2, 0),
(20, 21, 'img/articles/cover/9202f7e8-cbec-4dcf-b1d5-851fb6fc0933.jpg', 1, 0),
(21, 22, 'img/articles/home/a695e137-12df-4563-b04f-fbddf84b7cbc.jpg', 2, 0),
(22, 22, 'img/articles/cover/7bc7c736-df27-4cdb-919d-8495b315e025.jpg', 1, 0),
(23, 23, 'img/articles/home/8332d1a1-a1f1-4829-88a5-b848cc06a38a.jpg', 2, 1),
(24, 23, 'img/articles/cover/75a66a7a-6d59-496d-a759-5091a93928bc.jpg', 1, 1),
(25, 24, 'img/articles/home/c6851c10-7963-4531-b284-baeea691fe30.png', 2, 1),
(26, 24, 'img/articles/cover/4caa2d05-7699-4c37-96af-9dd920729393.jpg', 1, 1),
(27, 25, 'img/articles/home/8805b0d4-8783-441f-a4cf-ffed150ab00d.jpg', 2, 1),
(28, 25, 'img/articles/cover/9df11a52-b10d-4f39-9375-c822504269f2.png', 1, 1),
(29, 26, 'img/articles/home/424674c7-81fb-4ad5-9121-d80ae63a6b13.jpg', 2, 1),
(30, 26, 'img/articles/cover/fc5ee8b4-a466-43db-8a4c-a3b905469675.jpg', 1, 1),
(31, 27, 'img/articles/home/81811c1d-0aed-4d90-a539-b54828ca1596.png', 2, 1),
(32, 27, 'img/articles/cover/0af738c5-b34d-4466-8f5c-0f32ba835221.jpg', 1, 1),
(33, 22, 'img/articles/home/2adce0e1-5b11-478c-80fe-6d564c1aaba3.jpg', 2, 1),
(34, 22, 'img/articles/cover/0e2a29bc-e004-4b20-8a31-0d339e9cabc9.jpg', 1, 1),
(35, 21, 'img/articles/home/830f3b9b-fd2b-4e96-bc76-0c169de9188f.jpg', 2, 1),
(36, 21, 'img/articles/cover/58e53679-88e9-486b-8b14-60a53bb3c4ac.jpg', 1, 1),
(37, 20, 'img/articles/home/4921c262-4829-474e-bc62-4b7a59a40676.jpg', 2, 1),
(38, 20, 'img/articles/cover/0fbcb202-f28f-4327-89ed-211a92ba1b0b.jpg', 1, 1),
(39, 19, 'img/articles/home/d0cba3dc-66a2-43b5-b2a7-bb9d6bb35887.jpg', 2, 1),
(40, 19, 'img/articles/cover/539a242b-f9a6-4c20-ba49-e4caf0e984d8.jpg', 1, 1);

-- --------------------------------------------------------

--
-- Table structure for table `idioma`
--

CREATE TABLE `idioma` (
  `Id` int(11) NOT NULL,
  `NombreEnEspañol` varchar(50) COLLATE utf8_spanish_ci NOT NULL,
  `NombreOriginal` varchar(50) COLLATE utf8_spanish_ci NOT NULL,
  `Abreviacion` varchar(20) COLLATE utf8_spanish_ci DEFAULT NULL,
  `RutaBandera` varchar(100) COLLATE utf8_spanish_ci DEFAULT NULL,
  `Activo` tinyint(1) NOT NULL DEFAULT '1'
) ENGINE=InnoDB DEFAULT CHARSET=utf8 COLLATE=utf8_spanish_ci;

--
-- Dumping data for table `idioma`
--

INSERT INTO `idioma` (`Id`, `NombreEnEspañol`, `NombreOriginal`, `Abreviacion`, `RutaBandera`, `Activo`) VALUES
(1, 'Español', 'Español', 'es', NULL, 1),
(2, 'Inglés', 'English', 'en', NULL, 1);

-- --------------------------------------------------------

--
-- Table structure for table `informe`
--

CREATE TABLE `informe` (
  `Id` int(11) NOT NULL,
  `IdiomaId` int(11) NOT NULL,
  `Titulo` varchar(50) COLLATE utf8_spanish_ci NOT NULL,
  `FechaCreacion` datetime NOT NULL DEFAULT CURRENT_TIMESTAMP,
  `UsuarioCreacion` int(11) NOT NULL,
  `Activo` tinyint(1) NOT NULL DEFAULT '1'
) ENGINE=InnoDB DEFAULT CHARSET=utf8 COLLATE=utf8_spanish_ci ROW_FORMAT=COMPACT;

--
-- Dumping data for table `informe`
--

INSERT INTO `informe` (`Id`, `IdiomaId`, `Titulo`, `FechaCreacion`, `UsuarioCreacion`, `Activo`) VALUES
(1, 1, 'Probando esto', '2017-05-22 17:09:12', 1, 1),
(2, 2, 'Testing this', '2017-05-22 17:13:26', 1, 1),
(3, 1, 'Probando nuevo informe', '2017-05-30 17:49:10', 1, 1);

-- --------------------------------------------------------

--
-- Table structure for table `informemultimedia`
--

CREATE TABLE `informemultimedia` (
  `Id` int(11) NOT NULL,
  `InformeId` int(11) NOT NULL,
  `MultimediaRuta` varchar(100) COLLATE utf8_spanish_ci NOT NULL,
  `TipoMultimediaId` int(1) NOT NULL DEFAULT '1',
  `Activo` tinyint(1) NOT NULL DEFAULT '1'
) ENGINE=InnoDB DEFAULT CHARSET=utf8 COLLATE=utf8_spanish_ci ROW_FORMAT=COMPACT;

--
-- Dumping data for table `informemultimedia`
--

INSERT INTO `informemultimedia` (`Id`, `InformeId`, `MultimediaRuta`, `TipoMultimediaId`, `Activo`) VALUES
(1, 2, 'img/reports/Testing_this_2017-05-22.pdf', 3, 1),
(2, 2, 'img/reports/Testing_this_2017-05-22.pdf', 3, 1),
(3, 3, 'img/reports/Probando_nuevo_informe_2017-05-30.pdf', 3, 1);

-- --------------------------------------------------------

--
-- Table structure for table `noticia`
--

CREATE TABLE `noticia` (
  `Id` int(11) NOT NULL,
  `IdiomaId` int(11) NOT NULL,
  `Titulo` varchar(200) COLLATE utf8_spanish_ci NOT NULL,
  `Descripcion` varchar(2000) COLLATE utf8_spanish_ci NOT NULL,
  `Texto` text COLLATE utf8_spanish_ci NOT NULL,
  `FechaCreacion` datetime NOT NULL DEFAULT CURRENT_TIMESTAMP,
  `UsuarioCreacion` int(11) NOT NULL,
  `Orden` int(11) DEFAULT NULL,
  `FechaInicio` datetime DEFAULT NULL,
  `FechaFin` datetime DEFAULT NULL,
  `FechaEdicion` datetime DEFAULT CURRENT_TIMESTAMP ON UPDATE CURRENT_TIMESTAMP,
  `UsuarioEdicion` int(11) DEFAULT NULL,
  `Activo` tinyint(1) NOT NULL DEFAULT '1'
) ENGINE=InnoDB DEFAULT CHARSET=utf8 COLLATE=utf8_spanish_ci;

--
-- Dumping data for table `noticia`
--

INSERT INTO `noticia` (`Id`, `IdiomaId`, `Titulo`, `Descripcion`, `Texto`, `FechaCreacion`, `UsuarioCreacion`, `Orden`, `FechaInicio`, `FechaFin`, `FechaEdicion`, `UsuarioEdicion`, `Activo`) VALUES
(1, 1, 'Mi primer noticia5', 'testestt fefeef fe fef actualizado', 'testestest', '2017-05-21 18:59:07', 1, 13, '2017-05-25 00:00:00', '2017-05-31 00:00:00', '2017-05-25 16:48:19', 1, 1),
(2, 1, 'Probando una nueva noticia', 'test', 'tesest', '2017-05-21 19:01:28', 1, 14, NULL, NULL, '2017-05-25 16:48:19', 1, 1),
(3, 1, 'Desempleo alcanzó máximo desde septiembre de 2007', 'El último registro del INE muestra que en marzo llegó a 9% en todo el país.', '<p id=\"m69-2-70\" style=\"margin-bottom: 25px; padding: 0px; border: 0px; font-variant-numeric: inherit; font-stretch: inherit; line-height: 17.1px; font-family: sans-serif; font-size: 1.5em; vertical-align: top; color: rgb(27, 27, 27);\">La economía uruguaya acumuló en 2016 el 14° año consecutivo de crecimiento, la inflación finalmente comenzó a ceder en los últimos meses y en marzo logró entrar, por primera vez desde fines de 2010, en el rango meta definido por el Banco Central. El comercio —motor principal de la actividad durante los años de mayor expansión de la economía— empezó a dar señales de mejoría en la segunda mitad del año pasado y el dato más reciente de industria fue positivo.</p><p id=\"m76-3-77\" style=\"margin-bottom: 25px; padding: 0px; border: 0px; font-variant-numeric: inherit; font-stretch: inherit; line-height: 17.1px; font-family: sans-serif; font-size: 1.5em; vertical-align: top; color: rgb(27, 27, 27);\">Sin embargo, hay un área que se resiste a levantar cabeza por ahora: el mercado laboral.</p><p id=\"m83-4-84\" style=\"margin-bottom: 25px; padding: 0px; border: 0px; font-variant-numeric: inherit; font-stretch: inherit; line-height: 17.1px; font-family: sans-serif; font-size: 1.5em; vertical-align: top; color: rgb(27, 27, 27);\">En marzo, la tasa de desempleo fue mayor a la que se había registrado en febrero, pero también superó a la del mismo periodo del año pasado. En el tercer mes del año el desempleo llegó a 9%, según los datos divulgados ayer por el Instituto Nacional de Estadística (INE). Se trata del peor registro en cerca de diez años, cuando en septiembre de 2007 alcanzó al 9,1% de la población económicamente activa.</p><p id=\"m90-5-91\" style=\"margin-bottom: 25px; padding: 0px; border: 0px; font-variant-numeric: inherit; font-stretch: inherit; line-height: 17.1px; font-family: sans-serif; font-size: 1.5em; vertical-align: top; color: rgb(27, 27, 27);\">En febrero de este año el desempleo fue de 8,2%, mientras que en marzo de 2016 había llegado a 8%.</p><p id=\"m97-6-98\" style=\"margin-bottom: 25px; padding: 0px; border: 0px; font-variant-numeric: inherit; font-stretch: inherit; line-height: 17.1px; font-family: sans-serif; font-size: 1.5em; vertical-align: top; color: rgb(27, 27, 27);\">Montevideo tuvo un peor desempeño que el interior en marzo: en la capital la tasa de desempleo fue de 10,1% —el más alto desde julio de 2007— y en el resto de Uruguay se colocó en 8,2%.</p><p id=\"m104-7-105\" style=\"margin-bottom: 25px; padding: 0px; border: 0px; font-variant-numeric: inherit; font-stretch: inherit; line-height: 17.1px; font-family: sans-serif; font-size: 1.5em; vertical-align: top; color: rgb(27, 27, 27);\">En todo el país el desempleo alcanzó al 6,9% en el caso de los hombres y trepó hasta 11,5% en las mujeres. Por tramos de edad, los más golpeados fueron las personas de entre 14 y 24 años: el 25,9% estaba desempleado en marzo.</p><p id=\"m111-8-112\" style=\"margin-bottom: 25px; padding: 0px; border: 0px; font-variant-numeric: inherit; font-stretch: inherit; line-height: 17.1px; font-family: sans-serif; font-size: 1.5em; vertical-align: top; color: rgb(27, 27, 27);\">Si se mira el trimestre enero-marzo, en tanto, la tasa de desempleo fue de 8,5% en todo el país, superior a lo observado en el trimestre anterior (en octubre-diciembre fue de 7,5%) y también por encima de igual periodo del año pasado (7,9%).</p><p id=\"m118-9-119\" style=\"margin-bottom: 25px; padding: 0px; border: 0px; font-variant-numeric: inherit; font-stretch: inherit; line-height: 17.1px; font-family: sans-serif; font-size: 1.5em; vertical-align: top; color: rgb(27, 27, 27);\">Frente a marzo del año pasado, en el tercer mes de 2017 se perdieron 16.991 puestos de trabajo, según los datos procesados por El País. En marzo el total de desocupados llegó a 162.664.</p><p id=\"m125-10-126\" style=\"margin-bottom: 25px; padding: 0px; border: 0px; font-variant-numeric: inherit; font-stretch: inherit; line-height: 17.1px; font-family: sans-serif; font-size: 1.5em; vertical-align: top; color: rgb(27, 27, 27);\">Para el ministro de Trabajo, Ernesto Murro, el número que se conoció ayer fue inesperado. \"Realmente nos sorprendió un poco la cifra\", dijo. \"El dato de hoy pega, duele, preocupa\", agregó ante un grupo de periodistas.</p><p id=\"m132-11-133\" style=\"margin-bottom: 25px; padding: 0px; border: 0px; font-variant-numeric: inherit; font-stretch: inherit; line-height: 17.1px; font-family: sans-serif; font-size: 1.5em; vertical-align: top; color: rgb(27, 27, 27);\">No todos compartieron la sorpresa del jerarca. El dato de marzo está \"dentro de lo esperable\", y prueba que el país atraviesa una \"reactivación con gran debilidad en el empleo\", sostuvo el economista Aldo Lema. Esto, entre otros, es fruto de que todavía hay dudas acerca de si esta recuperación es de corte permanente o transitorio.</p><p id=\"m139-12-140\" style=\"margin-bottom: 25px; padding: 0px; border: 0px; font-variant-numeric: inherit; font-stretch: inherit; line-height: 17.1px; font-family: sans-serif; font-size: 1.5em; vertical-align: top; color: rgb(27, 27, 27);\">A esto se suma, agregó el director de Vixion Consultores, la reaceleración de los salarios reales y también el alza de estos medidos en dólares, que impacta en algunos sectores de actividad. Esto afecta negativamente en la demanda de trabajo, indicó. El dato de desempleo de marzo se vio atenuado por una caída en la tasa de actividad, que refleja la proporción de la población de 14 o más años de edad que participa en el mercado de trabajo, ya sea porque está empleada o porque se encuentra en proceso de búsqueda. En marzo fue de 63,7% a nivel nacional, superior a la de febrero (63,4%), pero inferior a la del mismo mes del año pasado (64,6%).</p><p id=\"m146-13-147\" style=\"margin-bottom: 25px; padding: 0px; border: 0px; font-variant-numeric: inherit; font-stretch: inherit; line-height: 17.1px; font-family: sans-serif; font-size: 1.5em; vertical-align: top; color: rgb(27, 27, 27);\">\"Si lo miramos en términos interanuales, la oferta se contrae, y eso es lo que termina amortiguando una suba del desempleo que podría haber sido mayor dada la retracción que tuvo el nivel de empleo\", sostuvo el economista senior del Departamento de Economía de CPA Ferrere, Germán Deagosto.</p><h3 id=\"m153-14-154\" style=\"margin: 0px; padding: 0px; border: 0px; font-variant-numeric: inherit; font-weight: inherit; font-stretch: inherit; line-height: inherit; font-family: UtopiaStd-Semibold; font-size: 1.4em; vertical-align: baseline; color: rgb(49, 49, 49);\">Hacia adelante.</h3><p id=\"m160-15-161\" style=\"margin-bottom: 25px; padding: 0px; border: 0px; font-variant-numeric: inherit; font-stretch: inherit; line-height: 17.1px; font-family: sans-serif; font-size: 1.5em; vertical-align: top; color: rgb(27, 27, 27);\">. Para Lema, la perspectiva de ahora en más en el terreno laboral es \"compleja\", y es de esperar que haya una \"recuperación lenta\" del empleo.</p><p id=\"m167-16-168\" style=\"margin-bottom: 25px; padding: 0px; border: 0px; font-variant-numeric: inherit; font-stretch: inherit; line-height: 17.1px; font-family: sans-serif; font-size: 1.5em; vertical-align: top; color: rgb(27, 27, 27);\">Para que esta \"caída gradual\" de la tasa de desempleo encuentre terreno fértil para producirse, el crecimiento económico deberá ser visto como \"sostenible\" y las pautas salariales de cara a las nuevas negociaciones en 2018 deberán ser \"más prudentes\", sostuvo Lema dentro de una serie de elementos que enumeró.</p><p id=\"m174-17-175\" style=\"margin-bottom: 25px; padding: 0px; border: 0px; font-variant-numeric: inherit; font-stretch: inherit; line-height: 17.1px; font-family: sans-serif; font-size: 1.5em; vertical-align: top; color: rgb(27, 27, 27);\">De todas maneras, añadió que la reactivación de la economía empezó a producirse en el último trimestre del año pasado, y que el empleo suele quedar \"rezagado\" cuando ocurre una mejora de esta naturaleza. Por esto, prevé un \"comportamiento más favorable\" de cara al futuro.</p><p id=\"m181-18-182\" style=\"margin-bottom: 25px; padding: 0px; border: 0px; font-variant-numeric: inherit; font-stretch: inherit; line-height: 17.1px; font-family: sans-serif; font-size: 1.5em; vertical-align: top; color: rgb(27, 27, 27);\">Por su parte, Deagosto apuntó que por lo menos durante los próximos meses se seguirá viendo \"ese contraste entre el mercado laboral y el entorno macroeconómico más general\".</p><p id=\"m188-19-189\" style=\"margin-bottom: 25px; padding: 0px; border: 0px; font-variant-numeric: inherit; font-stretch: inherit; line-height: 17.1px; font-family: sans-serif; font-size: 1.5em; vertical-align: top; color: rgb(27, 27, 27);\">De acuerdo al economista de CPA Ferrere, el deterioro del mercado laboral en un escenario de reactivación de la actividad es producto de esta recuperación, que es \"asimétrica\" y no se extiende a todos los sectores. \"A modo de ejemplo, cerca del 70% del crecimiento del 2016 estuvo explicado por Telecomunicaciones, que tiene un menor impacto en términos de empleos que otros sectores\", dijo.</p><h3 id=\"m195-20-196\" style=\"margin: 0px; padding: 0px; border: 0px; font-variant-numeric: inherit; font-weight: inherit; font-stretch: inherit; line-height: inherit; font-family: UtopiaStd-Semibold; font-size: 1.4em; vertical-align: baseline; color: rgb(49, 49, 49);\">Inversión.</h3><p id=\"m202-21-203\" style=\"margin-bottom: 25px; padding: 0px; border: 0px; font-variant-numeric: inherit; font-stretch: inherit; line-height: 17.1px; font-family: sans-serif; font-size: 1.5em; vertical-align: top; color: rgb(27, 27, 27);\">Este deterioro en el mercado de trabajo es tangible en las firmas que se dedican al reclutamiento de personal. El director de la consultora O+H, Neker de la Llana, dijo que la manera de revertir esta tendencia en el corto plazo es a través de inversiones que actúen como un dinamizador del mercado de trabajo. El anuncio de la concreción de la segunda planta de UPM podría actuar como abanderado de esto, agregó. Noticias de este tipo serían clave, además, en un contexto tanto global y regional de incertidumbre, que genera ruido y entorpece la toma de este tipo de decisiones. Pese a esto, resaltó De la Llana, hay algunos sectores intensivos en conocimientos y tecnología —como el área de las TIC y farmacéutica— que demandan empleos de calidad y que permanecen ajenos al contexto general que reina en el mercado laboral.</p><h3 id=\"m216-23-217\" style=\"margin: 0px; padding: 0px; border: 0px; font-variant-numeric: inherit; font-weight: inherit; font-stretch: inherit; line-height: inherit; font-family: UtopiaStd-Semibold; font-size: 1.4em; vertical-align: baseline; color: rgb(49, 49, 49);\">Ingreso medio de los hogares en marzo.</h3><p id=\"m223-24-224\" style=\"margin-bottom: 25px; padding: 0px; border: 0px; font-variant-numeric: inherit; font-stretch: inherit; line-height: 17.1px; font-family: sans-serif; font-size: 1.5em; vertical-align: top; color: rgb(27, 27, 27);\">Ayer el INE también dio a conocer los últimos datos disponibles sobre ingreso medio del hogar, correspondientes a marzo. A valores corrientes llegó a $ 56.211 (sin aguinaldo y sin valor locativo) para el total del país. En el caso de Montevideo, en tanto, fue de $ 67.105, mientras que en el interior alcanzó los $ 48.568. Por otra parte, en el primer trimestre del año en curso, el ingreso medio de los hogares a valores corrientes se ubicó en $ 56.434, $ 3.433 por encima del valor del último trimestre de 2016. También se conoció información acerca del ingreso medio per cápita corriente (también sin aguinaldo y sin valor locativo), que fue de $ 19.951 para todo el país. Mientras que en Montevideo llegó a $ 24.837, en los restantes 18 departamentos el ingreso medio per cápita a precios corriente fue menor y se ubicó en $ 16.756.</p>', '2017-05-25 16:33:53', 1, 11, NULL, NULL, '2017-05-25 16:48:19', NULL, 1),
(4, 1, 'AFAP: más ahorro voluntario con México como espejo', 'En ese país se puede depositar en comercios desde US$ 2.', '<p id=\"m62-1-63\" style=\"margin-bottom: 25px; padding: 0px; border: 0px; font-variant-numeric: inherit; font-stretch: inherit; line-height: 17.1px; font-family: sans-serif; font-size: 1.5em; vertical-align: top; color: rgb(27, 27, 27);\">La Asociación Nacional de AFAP (Anafap) —que nuclea a las tres administradoras privadas: Sura, Integración y Unión Capital— tiene desde hace tiempo el objetivo de fomentar un mayor ahorro voluntario entre sus afiliados, es decir que los trabajadores destinen una porción extra de sus ingresos (aparte de los aportes obligatorios) para incrementar su futura jubilación.</p><p id=\"m69-2-70\" style=\"margin-bottom: 25px; padding: 0px; border: 0px; font-variant-numeric: inherit; font-stretch: inherit; line-height: 17.1px; font-family: sans-serif; font-size: 1.5em; vertical-align: top; color: rgb(27, 27, 27);\">En busca de eso, ven en México un modelo a seguir: en aquel país se vienen desarrollando una serie de reformas y proyectos impulsados por la Comisión Nacional del Sistema de Ahorro para Retiro (Consar) —un organismo desconcentrado de la Secretaría de Hacienda, que funciona como regulador del sistema de Afore (las AFAP mexicanas)— para fomentar el ahorro entre la población e incorporar en ese proceso las nuevas tecnologías.</p><p id=\"m76-3-77\" style=\"margin-bottom: 25px; padding: 0px; border: 0px; font-variant-numeric: inherit; font-stretch: inherit; line-height: 17.1px; font-family: sans-serif; font-size: 1.5em; vertical-align: top; color: rgb(27, 27, 27);\">A través de una aplicación para celulares los trabajadores mexicanos pueden afiliarse o cambiarse de administradora de fondos, ver su estado de cuenta, abrir una cuenta asociada para su hijo —que podrá retirar el dinero cuando cumpla 18 años o transferir los fondos para su futura jubilación— y saber cuál es el comercio más cercano habilitado para realizar depósitos.</p><p id=\"m83-4-84\" style=\"margin-bottom: 25px; padding: 0px; border: 0px; font-variant-numeric: inherit; font-stretch: inherit; line-height: 17.1px; font-family: sans-serif; font-size: 1.5em; vertical-align: top; color: rgb(27, 27, 27);\">Esa red de tiendas y comercios abarca más de 6.600 locales permitiendo depósitos desde US$ 2. También se construyó un expediente electrónico mediante identificación biométrica (rasgos físicos distintivos de cada persona) donde se centraliza la información sobre los aportes de cada trabajador.</p><p id=\"m90-5-91\" style=\"margin-bottom: 25px; padding: 0px; border: 0px; font-variant-numeric: inherit; font-stretch: inherit; line-height: 17.1px; font-family: sans-serif; font-size: 1.5em; vertical-align: top; color: rgb(27, 27, 27);\">\"Poco a poco se va moviendo la conducta de ahorro cuando ofrecemos una opción para depósitos que es fácil y gratuita\", explicó el vicepresidente de Operaciones del Consar, Carlos Trujillo, que dio una charla ayer para ejecutivos de las AFAP y hoy se reunirá con autoridades del Banco Central (BCU) —regulador del mercado de AFAP.</p><p id=\"m97-6-98\" style=\"margin-bottom: 25px; padding: 0px; border: 0px; font-variant-numeric: inherit; font-stretch: inherit; line-height: 17.1px; font-family: sans-serif; font-size: 1.5em; vertical-align: top; color: rgb(27, 27, 27);\">El jerarca destacó que este proceso de adaptación a las nuevas tecnologías fue impulsado por el gobierno desde la Consar, pero recibió el apoyo de las administradoras de fondos que pueden ofrecer más servicios a sus clientes, y de los comercios que lo ven como una forma de promocionarse —incluso la ley mexicana permite a las tiendas (no a las Afore) dar premios por el ahorro voluntario o realizar promociones. Los asistentes a la charla compararon lo ocurrido en México con el proceso de inclusión financiera en Uruguay.</p><p id=\"m104-7-105\" style=\"margin-bottom: 25px; padding: 0px; border: 0px; font-variant-numeric: inherit; font-stretch: inherit; line-height: 17.1px; font-family: sans-serif; font-size: 1.5em; vertical-align: top; color: rgb(27, 27, 27);\">Luego de estas innovaciones, en México se cuadruplicaron los niveles de ahorro voluntario en cuatro años y creció 77% la cantidad de depósitos en el último año respecto al anterior. Pese a los avances, Trujillo señaló que solamente tres de cada 1.000 afiliados han hecho algún tipo de aporte por fuera del obligatorio.</p><h3 id=\"m111-8-112\" style=\"margin: 0px; padding: 0px; border: 0px; font-variant-numeric: inherit; font-weight: inherit; font-stretch: inherit; line-height: inherit; font-family: UtopiaStd-Semibold; font-size: 1.4em; vertical-align: baseline; color: rgb(49, 49, 49);\">Uruguay.</h3><p id=\"m118-9-119\" style=\"margin-bottom: 25px; padding: 0px; border: 0px; font-variant-numeric: inherit; font-stretch: inherit; line-height: 17.1px; font-family: sans-serif; font-size: 1.5em; vertical-align: top; color: rgb(27, 27, 27);\">A nivel local el ahorro voluntario es escaso —solo el 0,2% del total de afiliados realizó algún depósito extra según un estudio de Anafap de 2016— y las AFAP pretenden algunos cambios para empezar a fomentarlo, como que puedan hacerse retiros parciales de ese dinero previo a la jubilación y que no esté doblemente gravado (paga IRPF como salario y el IASS como pasividad).</p><p id=\"m125-10-126\" style=\"margin-bottom: 25px; padding: 0px; border: 0px; font-variant-numeric: inherit; font-stretch: inherit; line-height: 17.1px; font-family: sans-serif; font-size: 1.5em; vertical-align: top; color: rgb(27, 27, 27);\">Consultado por El País sobre la experiencia mexicana, el presidente de Anafap, Sebastián Peaguda, dijo que \"la posibilidad de implementar algo similar en Uruguay está, porque la tecnología puede extenderse y los costos han bajado\", aunque marcó que la autoridad reguladora debería buscar \"consensos para usar las mismas plataformas y que no sean esfuerzos individuales\".</p><p id=\"m132-11-133\" style=\"margin-bottom: 25px; padding: 0px; border: 0px; font-variant-numeric: inherit; font-stretch: inherit; line-height: 17.1px; font-family: sans-serif; font-size: 1.5em; vertical-align: top; color: rgb(27, 27, 27);\">A su vez, pidió trabajar \"para hacer una opción atractiva\" de ahorro voluntario para los afiliados y planteó que se podría \"adicionar ese aporte extra enseguida en la cuenta individual para que la persona vea cómo se incrementa su futura pasividad\". Esto último actualmente no es posible porque \"no se comparte la información entre las diferentes partes del sistema\" lo que impide proyectar la jubilación de cada trabajador.</p>', '2017-05-25 16:34:51', 1, 10, NULL, NULL, '2017-05-25 16:48:19', NULL, 1),
(5, 1, 'Moody’s rebajó la nota de deuda a China ante debilidad financiera', 'La agencia Moody’s rebajó ayer la calificación de la deuda a largo plazo de China ante las expectativas de que la fortaleza financiera de la segunda economía mundial se resienta en los próximos años mientras su deuda sigue aumentando.', '<p id=\"m62-1-63\" style=\"margin-bottom: 25px; padding: 0px; border: 0px; font-variant-numeric: inherit; font-stretch: inherit; line-height: 17.1px; font-family: sans-serif; font-size: 1.5em; vertical-align: top; color: rgb(27, 27, 27);\">Moodys anunció en un comunicado la reducción de la nota crediticia del gigante asiático de \"Aa3\" a \"A1\" ya que prevé un mayor apalancamiento de su economía.</p><p id=\"m69-2-70\" style=\"margin-bottom: 25px; padding: 0px; border: 0px; font-variant-numeric: inherit; font-stretch: inherit; line-height: 17.1px; font-family: sans-serif; font-size: 1.5em; vertical-align: top; color: rgb(27, 27, 27);\">La importancia que las autoridades chinas otorgan a mantener un crecimiento económico fuerte se traducirá en mayores estímulos, dadas las dificultades actuales para llegar a los objetivos de crecimiento, lo que contribuirá a un aumento de la deuda, apuntó Moodys.</p><p id=\"m76-3-77\" style=\"margin-bottom: 25px; padding: 0px; border: 0px; font-variant-numeric: inherit; font-stretch: inherit; line-height: 17.1px; font-family: sans-serif; font-size: 1.5em; vertical-align: top; color: rgb(27, 27, 27);\">En opinión de la calificadora, las reformas que emprende el gobierno chino, que \"podrán transformar el sistema económico y financiero\" en un tiempo, no prevendrán un mayor aumento de la deuda y, por ende, del incremento de \"pasivos contingentes\".</p><p id=\"m83-4-84\" style=\"margin-bottom: 25px; padding: 0px; border: 0px; font-variant-numeric: inherit; font-stretch: inherit; line-height: 17.1px; font-family: sans-serif; font-size: 1.5em; vertical-align: top; color: rgb(27, 27, 27);\">La decisión de Moodys se produce en un momento de desaceleración de la economía china, que ha pasado de un crecimiento de doble dígito al 6,7% en 2016. La agencia augura que el crecimiento potencial caerá en los próximos años.</p>', '2017-05-25 16:37:14', 1, 9, NULL, NULL, '2017-05-25 16:48:19', NULL, 1),
(6, 1, 'Para Ceres hay señales positivas de crecimiento', 'El Índice Líder de Ceres (ILC) —que anticipa los ciclos económicos— creció 0,2% en marzo respecto al mes previo. Esto \"representa la segunda señal positiva sobre la evolución de la actividad económica del segundo trimestre de 2017\", indicó el Centro de Estudios de la Realidad Económica y Social (Ceres) en un informe divulgado ayer.', '<p id=\"m62-1-63\" style=\"margin-bottom: 25px; padding: 0px; border: 0px; font-variant-numeric: inherit; font-stretch: inherit; line-height: 17.1px; font-family: sans-serif; font-size: 1.5em; vertical-align: top; color: rgb(27, 27, 27);\">En febrero, el indicador también había aumentado respecto a la medición anterior. Asimismo, los resultados del ILC en los meses de noviembre, diciembre y enero anticiparon una expansión del nivel de actividad de la economía local en el primer trimestre de 2017, aunque los datos oficiales serán publicados por el Banco Central (BCU) el 15 de junio.</p><p id=\"m69-2-70\" style=\"margin-bottom: 25px; padding: 0px; border: 0px; font-variant-numeric: inherit; font-stretch: inherit; line-height: 17.1px; font-family: sans-serif; font-size: 1.5em; vertical-align: top; color: rgb(27, 27, 27);\">El índice elaborado por Ceres está compuesto por \"variables que tienden a cambiar de dirección antes de que lo haga el Producto Bruto Interno (PBI)\", lo que permite predecir con dos meses de anticipación posibles contracciones o expansiones del nivel de actividad.</p><p id=\"m76-3-77\" style=\"margin-bottom: 25px; padding: 0px; border: 0px; font-variant-numeric: inherit; font-stretch: inherit; line-height: 17.1px; font-family: sans-serif; font-size: 1.5em; vertical-align: top; color: rgb(27, 27, 27);\">El ILC se complementa con el Índice de Difusión (que refleja la proporción de variables del ILC que evolucionaron favorablemente en el mes), que se ubicó en 46% en marzo. Este resultado \"indica que menos de la mitad de las variables del ILC se comportaron de manera expansiva\", analizó Ceres.</p><p id=\"m83-4-84\" style=\"margin-bottom: 25px; padding: 0px; border: 0px; font-variant-numeric: inherit; font-stretch: inherit; line-height: 17.1px; font-family: sans-serif; font-size: 1.5em; vertical-align: top; color: rgb(27, 27, 27);\">En su informe la consultora añadió que el Índice de Difusión deja al descubierto \"cierta debilidad subyacente de la economía a pesar del aumento del ILC en el mes de marzo\".</p><p id=\"m90-5-91\" style=\"margin-bottom: 25px; padding: 0px; border: 0px; font-variant-numeric: inherit; font-stretch: inherit; line-height: 17.1px; font-family: sans-serif; font-size: 1.5em; vertical-align: top; color: rgb(27, 27, 27);\">El último dato oficial sobre crecimiento económico se conoció en marzo y refirió al período septiembre-diciembre de 2016: el PIB aumentó 3,4% en ese trimestre frente al mismo período del 2015 y 1,5% respecto al trimestre previo; mientras que en el acumulado de 2016 la economía se expandió 1,5%.</p>', '2017-05-25 16:38:11', 1, 8, NULL, NULL, '2017-05-25 16:48:19', NULL, 1),
(7, 1, 'La academia apoya ampliar controles sobre SA de entes', 'Proyecto en el Parlamento incorpora buenas prácticas de gobierno y más.', '<p id=\"m69-2-70\" style=\"margin-bottom: 25px; padding: 0px; border: 0px; font-variant-numeric: inherit; font-stretch: inherit; line-height: 17.1px; font-family: sans-serif; font-size: 1.5em; vertical-align: top; color: rgb(27, 27, 27);\">Académicos especializados en temas de gobierno de empresas públicas de las principales universidades del país respaldaron una propuesta a estudio del Parlamento para ampliar los controles sobre las Sociedades Anónimas (SA) propiedad de entes estatales, que entre otras disposiciones establece que el Poder Ejecutivo debe autorizar expresamente su creación.</p><p id=\"m76-3-77\" style=\"margin-bottom: 25px; padding: 0px; border: 0px; font-variant-numeric: inherit; font-stretch: inherit; line-height: 17.1px; font-family: sans-serif; font-size: 1.5em; vertical-align: top; color: rgb(27, 27, 27);\">Citados por la Comisión de Hacienda del Senado para opinar acerca del proyecto de ley presentado por el legislador del Partido Nacional, Álvaro Delgado, tanto Omar Paganini (ingeniero, vicerrector de Gestión y Desarrollo) de la Universidad Católica como Ignacio Munyo (economista, director del Centro de Economía, Sociedad y Empresa del IEEM) de la Universidad de Montevideo, apoyaron la exigencia de buenas prácticas de gobierno a este tipo de sociedades.</p><p id=\"m71-2-72\" style=\"margin-bottom: 25px; padding: 0px; border: 0px; font-variant-numeric: inherit; font-stretch: inherit; line-height: 17.1px; font-family: sans-serif; font-size: 1.5em; vertical-align: top; color: rgb(27, 27, 27);\">También el contador Fernando Lorenzo, que acudió en representación de la Universidad de la República y como integrante de un grupo que trabajó en el marco jurídico de las empresas públicas, avaló fijar mayores controles, aunque sostuvo que el foco debe ponerse en las empresas públicas y no en sus firmas subsidiarias.</p><p id=\"m90-5-91\" style=\"margin-bottom: 25px; padding: 0px; border: 0px; font-variant-numeric: inherit; font-stretch: inherit; line-height: 17.1px; font-family: sans-serif; font-size: 1.5em; vertical-align: top; color: rgb(27, 27, 27);\">La iniciativa de Delgado se centra en las SA de los entes que funcionan bajo el derecho privado —como ALUR o Ducsa en el caso de Ancap o la firma Gas Sayago que pertenece a la petrolera estatal y UTE—, que son unas 30 actualmente y escapan a los controles del Tribunal de Cuentas. A la vez, su creación es de-cisión exclusiva de la \"empresa madre\", que no tiene necesidad de un aval del gobierno de turno.</p><p id=\"m97-6-98\" style=\"margin-bottom: 25px; padding: 0px; border: 0px; font-variant-numeric: inherit; font-stretch: inherit; line-height: 17.1px; font-family: sans-serif; font-size: 1.5em; vertical-align: top; color: rgb(27, 27, 27);\">Por eso propone establecer que el Poder Ejecutivo las autorice a funcionar y deba informar del trámite a la Asamblea General, además que las SA tengan que adoptar obligatoriamente un catálogo de buenas prácticas de gestión y gobierno corporativo (como mínimo las exigidas por el Banco Central a las empresas para cotizar en bolsa) y que un porcentaje minoritario de las acciones deban abrirse mediante suscripción pública en el mercado de valores. Al comparecen hace unas semanas en el Parlamento, el Ministerio de Economía y Finanzas (MEF) respaldó el proyecto a estudio.</p><p id=\"m104-7-105\" style=\"margin-bottom: 25px; padding: 0px; border: 0px; font-variant-numeric: inherit; font-stretch: inherit; line-height: 17.1px; font-family: sans-serif; font-size: 1.5em; vertical-align: top; color: rgb(27, 27, 27);\">\"Cuando hablamos de privatizar o pasar al derecho privado, a veces nos da la sensación de que lo que estamos haciendo es darle muchísima libertad a quien la gestiona. De hecho, es lo que ha pasado. No hay un marco estructurado sobre cómo se rinden cuentas\" bajo el esquema normativo actual, analizó Paganini. Definió la situación como \"el peor de los dos mundos\" porque se pierde transparencia en relación a una entidad estatal ante la flexibilidad de las normas al tiempo que \"tampoco disponemos de los mecanismos de control modernos de derecho privado que existen en las corporaciones\".</p><p id=\"m111-8-112\" style=\"margin-bottom: 25px; padding: 0px; border: 0px; font-variant-numeric: inherit; font-stretch: inherit; line-height: 17.1px; font-family: sans-serif; font-size: 1.5em; vertical-align: top; color: rgb(27, 27, 27);\">El académico de la Universidad Católica consideró \"sano que se avance en la definición de marcos de acción para las sociedades anónimas\" de entes que funcionan bajo el derecho privado, y aclaró que la solución no es prohibir esta práctica porque \"obedece a la necesidad de tener agilidad, tiempos de respuesta y capacidad de gestión\" por parte de las empresas del Estado.</p><p id=\"m118-9-119\" style=\"margin-bottom: 25px; padding: 0px; border: 0px; font-variant-numeric: inherit; font-stretch: inherit; line-height: 17.1px; font-family: sans-serif; font-size: 1.5em; vertical-align: top; color: rgb(27, 27, 27);\">Por su parte, Munyo citó un trabajo que realizó en el pasado tomando los principios básicos de buen gobierno corporativo avalados por la Organización para la Cooperación y el Desarrollo Económico (OCDE), donde concluyó que \"la enorme mayoría —diría que más del 90%— ya están establecidos en las normas del Uruguay, pero muchas veces no se terminan de cumplir\". En base a ello, sostuvo que \"hay un primer problema de voluntad, más que de cambios legales\" para enderezar la conducción de las empresas públicas.</p><p id=\"m125-10-126\" style=\"margin-bottom: 25px; padding: 0px; border: 0px; font-variant-numeric: inherit; font-stretch: inherit; line-height: 17.1px; font-family: sans-serif; font-size: 1.5em; vertical-align: top; color: rgb(27, 27, 27);\">El profesor de la Universidad de Montevideo apoyó que parte del paquete accionario de las SA de los entes coticen en bolsa, porque \"las empresas que son propiedad del Estado comparten características\" con las firmas con diversos accionistas: sus dueños están muy diluidos y por tanto es necesario que cumplan con prácticas de buen gobierno para asegurar resultados.</p><p id=\"m132-11-133\" style=\"margin-bottom: 25px; padding: 0px; border: 0px; font-variant-numeric: inherit; font-stretch: inherit; line-height: 17.1px; font-family: sans-serif; font-size: 1.5em; vertical-align: top; color: rgb(27, 27, 27);\">El control y monitoreo de los entes que realiza actualmente la Oficina de Planeamiento y Presupuesto (OPP) fue evaluado como \"indicativo\" por Munyo, ya que \"si no se cumple con lo que plantea (el gobierno), no pasa nada\". Por eso pidió mayores capacidades para las tareas de contralor y añadió que \"debería existir una penalidad explícita\" para los directores de las empresas públicas o sus firmas subsidiarias que se apartan del catalogo de buenas prácticas de conducción.</p><p id=\"m139-12-140\" style=\"margin-bottom: 25px; padding: 0px; border: 0px; font-variant-numeric: inherit; font-stretch: inherit; line-height: 17.1px; font-family: sans-serif; font-size: 1.5em; vertical-align: top; color: rgb(27, 27, 27);\">En el mismo sentido, Lorenzo subrayó que \"resulta necesario poner algún contrapeso o algún elemento de premio-castigo\" para los controles de la OPP.</p><p id=\"m125-11-126\" style=\"margin-bottom: 25px; padding: 0px; border: 0px; font-variant-numeric: inherit; font-stretch: inherit; line-height: 17.1px; font-family: sans-serif; font-size: 1.5em; vertical-align: top; color: rgb(27, 27, 27);\">El representante de la Universidad de la República indicó que le parece \"oportuna la preocupación\" por el funcionamiento de las SA de los entes pero pidió \"un abordaje más amplio\" del tema. \"La causa de algunas de las dificultades que se tienen con las empresas o sociedades anónimas con participación accionaria es el funcionamiento de las empresas públicas. Entonces, empezar a cuestionar las subsidiarias es comenzar por las consecuencias y no por las causas\", manifestó.</p><p id=\"m153-14-154\" style=\"margin-bottom: 25px; padding: 0px; border: 0px; font-variant-numeric: inherit; font-stretch: inherit; line-height: 17.1px; font-family: sans-serif; font-size: 1.5em; vertical-align: top; color: rgb(27, 27, 27);\">Lorenzo dijo que \"más que cuestionar el pasaje al derecho privado de las empresas, lo que debemos hacer es preguntarnos cuál es el marco jurídico\" adecuado dentro del derecho público para que los entes puedan cumplir sus cometidos y funcionar bajo mayor flexibilidad. También Munyo y Paganini hicieron planteos en esa línea.</p><h3 id=\"m143-14-144\" style=\"margin: 0px; padding: 0px; border: 0px; font-variant-numeric: inherit; font-weight: inherit; font-stretch: inherit; line-height: inherit; font-family: UtopiaStd-Semibold; font-size: 1.4em; vertical-align: baseline; color: rgb(49, 49, 49);\">Rol y funciones bajo discusión.</h3><p id=\"m149-15-150\" style=\"margin-bottom: 25px; padding: 0px; border: 0px; font-variant-numeric: inherit; font-stretch: inherit; line-height: 17.1px; font-family: sans-serif; font-size: 1.5em; vertical-align: top; color: rgb(27, 27, 27);\">El debate en la sesión atravesó temas políticos vinculados a las empresas públicas, sus inversiones y subsidiarias. En la Comisión está el expresidente José Mujica, quien planteó que \"a veces los roles que les asignamos a las empresas públicas son contradictorios con el interés de un inversor privado\" que no ve rentable por ejemplo electrificar un poblado alejado, y la compañía estatal sí lo realiza. Sobre esos casos, el oficialista Rafael Michelini dijo que \"hay cosas que debería hacer el Estado y si la ejecución la hace una empresa pública pagarles desde Rentas Generales\" para dejar en claro las funciones de cada uno. Para Mujica, esa frontera difusa también se debe a \"que le hacemos cumplir a la empresa pública (un rol) que es socorrer a la caja central más allá de lo deseable\".</p><p id=\"m205-15-206\" style=\"margin-bottom: 25px; padding: 0px; border: 0px; font-variant-numeric: inherit; font-stretch: inherit; line-height: 17.1px; font-family: sans-serif; font-size: 1.5em; vertical-align: top; color: rgb(27, 27, 27);\"><i style=\"margin: 0px; padding: 0px; border: 0px; font-variant: inherit; font-weight: inherit; font-stretch: inherit; line-height: inherit; font-family: inherit; font-size: 15px; vertical-align: baseline;\">N. de. la R: Por error en la nota original se refirió al contador y representante de la Universidad de la República, Fernando Lorenzo, como exministro de Economía y Finanzas cuando no lo es. El equívoco fue corregido en la versión actual.</i></p>', '2017-05-25 16:39:07', 1, 7, NULL, NULL, '2017-05-25 16:48:19', NULL, 1),
(8, 1, 'Confianza del consumidor volvió a zona \"optimista\"', 'Baja de la inflación y del tipo de cambio explican la mejora.', '<p id=\"m62-1-63\" style=\"margin-bottom: 25px; padding: 0px; border: 0px; font-variant-numeric: inherit; font-stretch: inherit; line-height: 17.1px; font-family: sans-serif; font-size: 1.5em; vertical-align: top; color: rgb(27, 27, 27);\">Tuvieron que pasar 24 meses, pero en abril la confianza de los consumidores uruguayos volvió a ingresar a la zona de \"moderado optimismo\". Así, el Índice de Confianza del Consumidor (ICC) dejó atrás dos años de registros que no lograban salir del \"moderado pesimismo\" y en los que en más de una oportunidad se estuvo cerca de caer en el \"atendible pesimismo\".</p><p id=\"m69-2-70\" style=\"margin-bottom: 25px; padding: 0px; border: 0px; font-variant-numeric: inherit; font-stretch: inherit; line-height: 17.1px; font-family: sans-serif; font-size: 1.5em; vertical-align: top; color: rgb(27, 27, 27);\">En concreto, en abril el ICC —elaborado por la Cátedra SURA de Confianza Económica de la Universidad Católica y Equipos Consultores— llegó a un valor de 51,3. De esta manera, subió 6,2 puntos frente a marzo, lo que marca un incremento de 13,8% del ICC. Se trata de la variación mensual más grande desde julio del año pasado. El informe divulgado ayer precisa que, tal como en aquel momento, el fortalecimiento del peso frente al dólar explica en parte este proceso de recuperación del ICC. A esto se añadió en abril una inflación que sigue a la baja —el último dato disponible es de 6,46% en los 12 meses cerrados a abril— y que genera que las personas sean más positiva respecto a la situación económica del país y personal de ahora en adelante.</p><p id=\"m76-3-77\" style=\"margin-bottom: 25px; padding: 0px; border: 0px; font-variant-numeric: inherit; font-stretch: inherit; line-height: 17.1px; font-family: sans-serif; font-size: 1.5em; vertical-align: top; color: rgb(27, 27, 27);\">Durante abril el subíndice que mostró una mejora más pronunciada fue predisposición a la compra de bienes durables, que aumentó 34,6% en comparación con marzo. También fue el que más cayó en el tercer mes del año (-18%), por lo que parte de la recuperación en abril revierte el descenso de marzo y parte \"es lo que se podría considerar una señal de mejor percepción del consumidor\" sobre si es un buen momento para comprar este tipo de productos, indica el informe. La contracción que había sufrido el subíndice en marzo había prendido algunas luce amarillas —y abierto una interrogante acerca de si la recuperación observada en los meses previos se había detenido—, pero el dato de abril \"indicaría que el consumo tendería a sostener su gradual recuperación\", según el trabajo dado a conocer ayer.</p><p id=\"m83-4-84\" style=\"margin-bottom: 25px; padding: 0px; border: 0px; font-variant-numeric: inherit; font-stretch: inherit; line-height: 17.1px; font-family: sans-serif; font-size: 1.5em; vertical-align: top; color: rgb(27, 27, 27);\">En este terreno, se adelanta que la predisposición a la compra de autos alcanzó en el primer cuatrimestre de este año un índice 39,3% arriba del mismo período de 2016. Pese a esto, sigue por debajo de lo registrado en los primeros cuatro meses de 2015, 2014 y 2013. \"Dada la fuerte recuperación del ICC en el mes de abril y en el contexto de un dólar 10,8% menor al de abril 2016, se esperaría que la predisposición a la compra de autos mantenga su tendencia en los próximos meses, indicando que se sostendría la recuperación en este mercado\", señala el estudio.</p><h3 id=\"m90-5-91\" style=\"margin: 0px; padding: 0px; border: 0px; font-variant-numeric: inherit; font-weight: inherit; font-stretch: inherit; line-height: inherit; font-family: UtopiaStd-Semibold; font-size: 1.4em; vertical-align: baseline; color: rgb(49, 49, 49);\">Inflación.</h3><p id=\"m97-6-98\" style=\"margin-bottom: 25px; padding: 0px; border: 0px; font-variant-numeric: inherit; font-stretch: inherit; line-height: 17.1px; font-family: sans-serif; font-size: 1.5em; vertical-align: top; color: rgb(27, 27, 27);\">Esta mejora de la confianza durante el cuarto mes del año también se replicó en otros de los indicadores relevados, como expectativas de inflación, ingresos de la familia y expectativas de desempleo.</p><p id=\"m104-7-105\" style=\"margin-bottom: 25px; padding: 0px; border: 0px; font-variant-numeric: inherit; font-stretch: inherit; line-height: 17.1px; font-family: sans-serif; font-size: 1.5em; vertical-align: top; color: rgb(27, 27, 27);\">La mayor variación en el mes se observó en el índice de expectativas de inflación a 12 meses, que cayó 12%, lo que se suma a la contracción de marzo (-7,2%). \"Pese a la importante y rápida mejora de las expectativas en materia de inflación (…) la internalización de la mejora de la situación en materia de inflación (…) parecería escasa cuando se la compara con el comportamiento de la inflación efectiva\", indica el informe.</p><p id=\"m111-8-112\" style=\"margin-bottom: 25px; padding: 0px; border: 0px; font-variant-numeric: inherit; font-stretch: inherit; line-height: 17.1px; font-family: sans-serif; font-size: 1.5em; vertical-align: top; color: rgb(27, 27, 27);\">Según el análisis, si el dólar se mantiene alrededor de $ 28 y el consumo no se dispara, es esperable que la inflación se mantenga dentro del rango meta marcado por el Banco Central (entre 3% y 7%, y al que logró entrar en marzo por primera vez desde fines de 2010) y las expectativas de inflación sigan bajando, \"sosteniendo por esta vía un mejor clima de confianza del consumidor\".</p>', '2017-05-25 16:40:12', 1, 6, NULL, NULL, '2017-05-25 23:31:42', 2, 0),
(9, 2, 'The contradiction at the heart of Trumponomics', 'You can’t have tax cuts, an investment boom and a smaller trade deficit', '<p style=\"color: rgb(18, 18, 18); font-family: MiloSerifPro, Palatino, serif; font-size: 20px;\">THE currents of trade, President Donald Trump accepts, will ebb and flow: “Sometimes they can be up and sometimes we can be up,” he said in an interview with&nbsp;<em class=\"Italic\">The Economist</em>&nbsp;on May 4th. A long-term trade deficit, though—such as that between America and Mexico, which ran to $56bn in 2016—is bad. Bad because it shows that a poor trade deal has been made (see&nbsp;<a href=\"http://www.economist.com/news/briefing/21721935-idea-reciprocity-animates-white-houses-view-trade-what-donald-trump-means-fair\" target=\"_blank\" style=\"transition: color 101ms ease, border-bottom-color; color: rgb(62, 81, 181); border-bottom: 2px solid rgb(62, 81, 181); padding-bottom: 1px;\">article</a>); bad because money is being thrown away. Achieving more balanced trade, Mr Trump and his team say, will, along with cutting taxes and encouraging more business investment, create jobs and boost growth.</p><p style=\"color: rgb(18, 18, 18); font-family: MiloSerifPro, Palatino, serif; font-size: 20px;\">Unfortunately the three proposed pillars of this new prosperity are incompatible. When Americans import more than they sell abroad, foreigners accumulate dollars. Rather than sit on that cash, they invest it in dollar-denominated assets. It is as if container ships arrived at American ports to deliver furniture, computers and cars, and departed filled with American stocks and bonds. Over time, those assets yield returns in the form of interest, dividends and capital gains. For instance, American taxpayers must pay interest to Japanese holders of Treasury bonds.</p>', '2017-05-25 16:43:45', 1, 5, NULL, NULL, '2017-05-25 16:48:19', NULL, 1),
(10, 2, 'Another crisis one day cannot be ruled out', 'But recent changes have made it less likely', '<p style=\"color: rgb(18, 18, 18); font-family: MiloSerifPro, Palatino, serif; font-size: 20px;\">IN 1992 SWEDEN nationalised (and subsequently merged) two banks: Gota Bank and Nordbanken, which was already mostly owned by the state. As in America 15 years later, property prices had first boomed and then plunged, bringing banks down with them. In 2001 Nordbanken was combined with Danish, Norwegian and Finnish lenders to create Nordea, the region’s biggest bank. It was not until September 2013 that the Swedish government sold its last shares in Nordea, finally drawing a line under a crisis by then 20 years in the past.</p><p style=\"color: rgb(18, 18, 18); font-family: MiloSerifPro, Palatino, serif; font-size: 20px;\">Banking crises leave deep and lasting scars on economies and societies. The one of 2007-08 was the biggest and worst since the 1930s, so the recovery was bound to take time. In a study published in 2014 of 100 financial crises going back to the 1890s, Carmen Reinhart and Kenneth Rogoff, two Harvard economists, found that real income per person took an average of eight years to return to pre-crisis levels. They identified 12 countries where systemic crises began in 2007-08, of which seven have so far clambered back at least to their starting-point.</p><p style=\"color: rgb(18, 18, 18); font-family: MiloSerifPro, Palatino, serif; font-size: 20px;\">Economic growth in America restarted in 2009 and has continued ever since, in one of the longest periods of expansion since the second world war. Unemployment has dropped to 4.7%. But growth has been unusually slow, averaging just 2.1% a year. The economy recovered its pre-crisis level of GDP per person only in 2013. Many Americans feel that prosperity is something that happens to other people—such as those who work on Wall Street.</p><p style=\"color: rgb(18, 18, 18); font-family: MiloSerifPro, Palatino, serif; font-size: 20px;\">Banking crises also have a habit of turning private debts into public ones: when banks are overwhelmed by foolish borrowing and lending, governments step in. America’s ratio of debt to GDP rose by about half between 2007 and 2011, though it has since steadied. Greece’s, Ireland’s and Spain’s went up even more. Although some have declined in the past couple of years, the countries’ ratios are still far above pre-crisis levels (see chart).</p>', '2017-05-25 16:44:43', 1, 4, NULL, NULL, '2017-05-25 16:48:19', NULL, 1);
INSERT INTO `noticia` (`Id`, `IdiomaId`, `Titulo`, `Descripcion`, `Texto`, `FechaCreacion`, `UsuarioCreacion`, `Orden`, `FechaInicio`, `FechaFin`, `FechaEdicion`, `UsuarioEdicion`, `Activo`) VALUES
(11, 2, 'American banks think they are over-regulated', 'Time to loosen the reins, say America’s banks. Not so fast, say regulators', '<p style=\"color: rgb(18, 18, 18); font-family: MiloSerifPro, Palatino, serif; font-size: 20px;\">“LEFT TO OUR own devices,” said Lloyd Blankfein, boss of Goldman Sachs, in February, “we wouldn’t hold as much capital as we are holding.” He is not alone. “It is clear that the banks have too much capital,” wrote Jamie Dimon of JPMorgan Chase, America’s biggest bank by assets, in a letter to shareholders last month.</p><p style=\"color: rgb(18, 18, 18); font-family: MiloSerifPro, Palatino, serif; font-size: 20px;\">American banks, both big and small, are chafing. Since 2009 the 33 banks deemed to be “systemically important”, which are subject to stress tests by the Federal Reserve, have added $700bn in common equity. The eight banks considered to be of global systemic importance (G-SIBs, in banking parlance) must meet not only the capital and leverage requirements agreed on by international supervisors after the crisis (see&nbsp;<a href=\"http://www.economist.com/news/special-report/21721497-international-bank-regulation-grinding-towards-completionor-possibly-halt-basel-3\" target=\"_blank\" style=\"transition: color 101ms ease, border-bottom-color; color: rgb(62, 81, 181); border-bottom: 2px solid rgb(62, 81, 181); padding-bottom: 1px;\">article</a>) but also additional surcharges levied by the Fed. Among other changes, Mr Dimon wants this “gold-plating” to go.</p><p style=\"color: rgb(18, 18, 18); font-family: MiloSerifPro, Palatino, serif; font-size: 20px;\">Perhaps most irritating to the banks are the Fed’s annual stress tests, estimating how much equity would be burned up in a hypothetical crisis. The Fed may also limit banks’ dividends and share repurchases if it finds they do not have enough capital in the worst scenario. Banks are given plenty of information about the imaginary catastrophe—but not about the models the Fed uses in the tests. It is hard, they mutter, to hit a moving target in the dark. The Fed, however, does not want banks to arrange their balance-sheets merely to meet the test. Daniel Tarullo, the designer of the Fed’s stress-test apparatus, who stepped down as a governor last month, said in a farewell speech that the tests needed refining but that they had to adapt to new risks, and that publishing models would “result in less protection for the financial system”.</p><p style=\"color: rgb(18, 18, 18); font-family: MiloSerifPro, Palatino, serif; font-size: 20px;\">Bankers freely admit that they had too little equity before the crisis. Now they say they have too much. Mr Dimon points out that under the worst scenario in the Fed’s stress test last year, the 33 banks’ hypothetical losses amounted to $195bn. That is bound to be an overstatement: the test assumes that each and every bank will be the worst affected. But it still amounts to less than 10% of their combined loss-absorbing resources. They are now required to hold so much capital, Mr Dimon writes, that lending and the American economy are being held back.</p><p style=\"color: rgb(18, 18, 18); font-family: MiloSerifPro, Palatino, serif; font-size: 20px;\">The banks grumble about a surfeit of rules as well as of capital. The Fed’s first stress tests predated, by a year, the Dodd-Frank act of 2010, which recast American financial regulation. The law runs to 848 pages. It abolished one watchdog but created two more, the Consumer Financial Protection Bureau (CFPB) and the Financial Stability Oversight Council, which is made up of the heads of regulatory agencies and is chaired by the treasury secretary. It laid out procedures for dealing with bankruptcy of systemically important banks, using public money if need be. In all it imposed 390 requirements for which regulators had to come up with new rules. According to Gabriel Rosenberg of Davis Polk, a law firm, only 279 have been finalised. Banks moan that the regulation of mortgages—more than half of which are now originated by non-banks—is especially fiendish.</p><div class=\"pullquote\" style=\"display: flex; margin-right: 2rem; color: rgb(56, 62, 66); font-family: EconSans, Tahoma, sans-serif; font-size: 1.125em; font-weight: 700; line-height: 1.4;\">The Dodd-Frank act has thickened the “spaghetti soup”</div>', '2017-05-25 16:45:50', 1, 3, NULL, NULL, '2017-05-25 16:48:19', NULL, 1),
(12, 2, 'Euro-area GDP growth outpaces America’s', 'But first-quarter figures probably overstate the gap between the two economies', '<span style=\"color: rgb(18, 18, 18); font-family: MiloSerifPro, Palatino, serif; font-size: 20px;\">THE appeal of GDP is that it offers, or seems to, a summary statistic of how well an economy is doing. On that basis, the euro-area economy is in fine fettle; indeed, it is improving at a faster rate than America’s. Figures released on May 3rd show that GDP in the currency zone rose by 0.5% in the first quarter of 2017, an annualised rate of around 2%. That is quite a bit faster than the annualised 0.7% rate reported for America’s GDP.</span>', '2017-05-25 16:47:01', 1, 2, NULL, NULL, '2017-05-25 16:48:19', NULL, 1),
(13, 2, 'The history of central banks', 'Contemporary criticisms of central banks echo debates from times past', '<p style=\"color: rgb(18, 18, 18); font-family: MiloSerifPro, Palatino, serif; font-size: 20px;\">TWENTY years ago next month, the British government gave the Bank of England the freedom to set interest rates. That decision was part of a trend that made central bankers the most powerful financial actors on the planet, not only setting rates but also buying trillions of dollars’ worth of assets, targeting exchange rates and managing the economic cycle.</p><p style=\"color: rgb(18, 18, 18); font-family: MiloSerifPro, Palatino, serif; font-size: 20px;\">Although central banks have great independence now, the tide could turn again. Central bankers across the world have been criticised for overstepping their brief, having opined about broader issues (the Reserve Bank of India’s Raghuram Rajan on religious tolerance, the Bank of England’s Mark Carney on climate change). In some countries the fundamentals of monetary policy are under attack: Recep Tayyip Erdogan, the president of Turkey, has berated his central bank because of his belief that higher interest rates cause inflation. And central banks have been widely slated for propping up the financial sector, and denting savers’ incomes, in the wake of the financial crisis of 2007-08.</p>', '2017-05-25 16:48:19', 1, 1, NULL, NULL, '2017-05-25 16:48:19', NULL, 1);

-- --------------------------------------------------------

--
-- Table structure for table `noticiamultimedia`
--

CREATE TABLE `noticiamultimedia` (
  `Id` int(11) NOT NULL,
  `NoticiaId` int(11) NOT NULL,
  `MultimediaRuta` varchar(100) COLLATE utf8_spanish_ci NOT NULL,
  `TipoMultimediaId` int(1) NOT NULL DEFAULT '1',
  `Activo` tinyint(1) NOT NULL DEFAULT '1'
) ENGINE=InnoDB DEFAULT CHARSET=utf8 COLLATE=utf8_spanish_ci ROW_FORMAT=COMPACT;

--
-- Dumping data for table `noticiamultimedia`
--

INSERT INTO `noticiamultimedia` (`Id`, `NoticiaId`, `MultimediaRuta`, `TipoMultimediaId`, `Activo`) VALUES
(1, 1, 'img/newss/home/e6cffd16-a2aa-47d2-8ef9-fe6b7598a859.jpg', 2, 1),
(2, 1, 'img/newss/cover/77e986cb-2fdf-46b3-a937-b760f6130aeb.png', 1, 1),
(3, 2, 'img/newss/home/bdb5a3ac-3954-4e6d-8de7-0879cde56a03.jpg', 2, 1),
(4, 2, 'img/newss/cover/0b4ce2cb-60c2-402e-a6d6-2cfbaac53900.png', 1, 1),
(5, 3, 'img/newss/home/e7562055-8582-401b-88f5-2ea2055ecf66.jpg', 2, 1),
(6, 3, 'img/newss/cover/7196e439-4736-4617-8bc0-b8793248684e.jpg', 1, 1),
(7, 4, 'img/newss/home/20d7af73-e0ea-4c5e-83ba-fe0aaf7d0001.jpg', 2, 1),
(8, 4, 'img/newss/cover/e4c6de92-c1fb-4764-aae5-9c83792a20dd.jpg', 1, 1),
(9, 5, 'img/newss/home/70314f01-eb06-4d4f-9f73-5ac12c920f86.jpg', 2, 1),
(10, 5, 'img/newss/cover/1daf3aac-32c0-4efa-89dc-afce4364a6c4.jpg', 1, 1),
(11, 6, 'img/newss/home/baf46c33-4561-418c-ab5c-cda6335279b1.jpg', 2, 1),
(12, 6, 'img/newss/cover/fdf100cb-a433-4ebe-ae3f-6ba0a8bbf2de.jpg', 1, 1),
(13, 7, 'img/newss/home/97a82453-7833-443d-a0a7-0c073f7fcb71.png', 2, 1),
(14, 7, 'img/newss/cover/a9334eac-89b1-4678-8a6a-3cfda68ec4e4.jpg', 1, 1),
(15, 8, 'img/newss/home/77f2e155-051f-49d3-ba53-1e713cd94e9f.jpg', 2, 1),
(16, 8, 'img/newss/cover/338bbe65-0f7c-4582-ad1a-80cc05ff4005.jpg', 1, 1),
(17, 9, 'img/newss/home/4df34f40-6e35-461a-b378-ca2c05361dae.jpg', 2, 1),
(18, 9, 'img/newss/cover/59d304cb-953a-4ac6-9f69-3adc7e25071f.jpg', 1, 1),
(19, 10, 'img/newss/home/61ebd6d7-cdce-40cd-8f0d-9680112131e7.jpg', 2, 1),
(20, 10, 'img/newss/cover/fb6e2349-eee8-4d89-bd80-5767be85c9af.jpg', 1, 1),
(21, 11, 'img/newss/home/782def3a-e381-4ce9-abb2-507be7ddf12b.jpg', 2, 1),
(22, 11, 'img/newss/cover/fdac26d9-b3c5-4017-8cce-1bafe546575d.jpg', 1, 1),
(23, 12, 'img/newss/home/6c08a768-3b87-4dc0-88cf-c945ca545d83.jpg', 2, 1),
(24, 12, 'img/newss/cover/1f3814f7-8c81-4833-80bd-9a1b5f0403ac.jpg', 1, 1),
(25, 13, 'img/newss/home/6293c92d-0b01-4926-a557-4a0c21a385d3.jpg', 2, 1),
(26, 13, 'img/newss/cover/b947a72e-ae1c-4f61-8ea2-80c04e70a37a.jpg', 1, 1);

-- --------------------------------------------------------

--
-- Table structure for table `tipomultimedia`
--

CREATE TABLE `tipomultimedia` (
  `Id` int(11) NOT NULL,
  `Tipo` varchar(20) COLLATE utf8_spanish_ci NOT NULL,
  `Calidad` varchar(50) COLLATE utf8_spanish_ci DEFAULT NULL,
  `Fecha` datetime DEFAULT NULL
) ENGINE=InnoDB DEFAULT CHARSET=utf8 COLLATE=utf8_spanish_ci;

--
-- Dumping data for table `tipomultimedia`
--

INSERT INTO `tipomultimedia` (`Id`, `Tipo`, `Calidad`, `Fecha`) VALUES
(1, 'Imagen', NULL, NULL),
(2, 'Thumbnail', NULL, NULL),
(3, 'PDF', NULL, NULL);

-- --------------------------------------------------------

--
-- Table structure for table `tipousuario`
--

CREATE TABLE `tipousuario` (
  `Id` int(11) NOT NULL,
  `Nombre` varchar(20) COLLATE utf8_spanish_ci NOT NULL,
  `Activo` tinyint(1) NOT NULL DEFAULT '1'
) ENGINE=InnoDB DEFAULT CHARSET=utf8 COLLATE=utf8_spanish_ci;

--
-- Dumping data for table `tipousuario`
--

INSERT INTO `tipousuario` (`Id`, `Nombre`, `Activo`) VALUES
(1, 'Administrador', 1),
(2, 'Usuario', 1);

-- --------------------------------------------------------

--
-- Table structure for table `usuario`
--

CREATE TABLE `usuario` (
  `Id` int(11) NOT NULL,
  `Nombre` varchar(50) COLLATE utf8_spanish_ci DEFAULT NULL,
  `Apellido` varchar(50) COLLATE utf8_spanish_ci DEFAULT NULL,
  `CorreoElectronico` varchar(100) COLLATE utf8_spanish_ci NOT NULL,
  `Contrasena` varchar(32) COLLATE utf8_spanish_ci NOT NULL,
  `TipoUsuarioId` int(11) NOT NULL DEFAULT '1',
  `FechaCreacion` datetime NOT NULL DEFAULT CURRENT_TIMESTAMP,
  `UsuarioCreacion` int(11) NOT NULL,
  `FechaEdicion` datetime DEFAULT CURRENT_TIMESTAMP ON UPDATE CURRENT_TIMESTAMP,
  `UsuarioEdicion` int(11) DEFAULT NULL,
  `UltimoAcceso` datetime DEFAULT NULL,
  `Activo` tinyint(1) NOT NULL DEFAULT '1'
) ENGINE=InnoDB DEFAULT CHARSET=utf8 COLLATE=utf8_spanish_ci;

--
-- Dumping data for table `usuario`
--

INSERT INTO `usuario` (`Id`, `Nombre`, `Apellido`, `CorreoElectronico`, `Contrasena`, `TipoUsuarioId`, `FechaCreacion`, `UsuarioCreacion`, `FechaEdicion`, `UsuarioEdicion`, `UltimoAcceso`, `Activo`) VALUES
(1, 'Germán', 'Brea', 'german@von-studio.com', '201e79e47baad328c4502d0e04ebd4c4', 1, '2017-05-04 09:34:53', 1, '2017-05-30 17:48:48', NULL, '2017-05-30 20:48:48', 1),
(2, 'Guzmán', 'Andreatta', 'guzman@von-studio.com', 'e1e45dc9654871a32489f6c5c26f0d34', 1, '2017-05-25 17:47:48', 1, '2017-05-25 17:47:48', NULL, '0000-00-00 00:00:00', 1);

-- --------------------------------------------------------

--
-- Table structure for table `usuariocontrasenia`
--

CREATE TABLE `usuariocontrasenia` (
  `Id` int(11) NOT NULL,
  `UsuarioId` int(11) NOT NULL,
  `Guid` varchar(50) COLLATE utf8_spanish2_ci NOT NULL,
  `Fecha` datetime NOT NULL DEFAULT CURRENT_TIMESTAMP,
  `FechaDeUso` datetime DEFAULT NULL
) ENGINE=InnoDB DEFAULT CHARSET=utf8 COLLATE=utf8_spanish2_ci;

--
-- Indexes for dumped tables
--

--
-- Indexes for table `articulo`
--
ALTER TABLE `articulo`
  ADD PRIMARY KEY (`Id`),
  ADD KEY `UsuarioCreacion` (`UsuarioCreacion`),
  ADD KEY `UsuarioEdicion` (`UsuarioEdicion`),
  ADD KEY `IdiomaId` (`IdiomaId`);

--
-- Indexes for table `articulomultimedia`
--
ALTER TABLE `articulomultimedia`
  ADD PRIMARY KEY (`Id`),
  ADD KEY `TipoMultimediaId` (`TipoMultimediaId`),
  ADD KEY `ArticuloId` (`ArticuloId`);

--
-- Indexes for table `idioma`
--
ALTER TABLE `idioma`
  ADD PRIMARY KEY (`Id`);

--
-- Indexes for table `informe`
--
ALTER TABLE `informe`
  ADD PRIMARY KEY (`Id`),
  ADD KEY `UsuarioCreacion` (`UsuarioCreacion`),
  ADD KEY `IdiomaId` (`IdiomaId`);

--
-- Indexes for table `informemultimedia`
--
ALTER TABLE `informemultimedia`
  ADD PRIMARY KEY (`Id`),
  ADD KEY `TipoMultimediaId` (`TipoMultimediaId`),
  ADD KEY `InformeId` (`InformeId`);

--
-- Indexes for table `noticia`
--
ALTER TABLE `noticia`
  ADD PRIMARY KEY (`Id`),
  ADD KEY `UsuarioCreacion` (`UsuarioCreacion`),
  ADD KEY `UsuarioEdicion` (`UsuarioEdicion`),
  ADD KEY `IdiomaId` (`IdiomaId`);

--
-- Indexes for table `noticiamultimedia`
--
ALTER TABLE `noticiamultimedia`
  ADD PRIMARY KEY (`Id`),
  ADD KEY `TipoMultimediaId` (`TipoMultimediaId`),
  ADD KEY `NoticiaId` (`NoticiaId`);

--
-- Indexes for table `tipomultimedia`
--
ALTER TABLE `tipomultimedia`
  ADD PRIMARY KEY (`Id`),
  ADD UNIQUE KEY `Tipo` (`Tipo`);

--
-- Indexes for table `tipousuario`
--
ALTER TABLE `tipousuario`
  ADD PRIMARY KEY (`Id`),
  ADD UNIQUE KEY `TipoNombre` (`Nombre`);

--
-- Indexes for table `usuario`
--
ALTER TABLE `usuario`
  ADD PRIMARY KEY (`Id`),
  ADD UNIQUE KEY `Usuario` (`CorreoElectronico`),
  ADD KEY `Tipo` (`TipoUsuarioId`),
  ADD KEY `UsuarioCreacion` (`UsuarioCreacion`),
  ADD KEY `UsuarioUltimaModificacion` (`UsuarioEdicion`);

--
-- Indexes for table `usuariocontrasenia`
--
ALTER TABLE `usuariocontrasenia`
  ADD PRIMARY KEY (`Id`);

--
-- AUTO_INCREMENT for dumped tables
--

--
-- AUTO_INCREMENT for table `articulo`
--
ALTER TABLE `articulo`
  MODIFY `Id` int(11) NOT NULL AUTO_INCREMENT, AUTO_INCREMENT=28;
--
-- AUTO_INCREMENT for table `articulomultimedia`
--
ALTER TABLE `articulomultimedia`
  MODIFY `Id` int(11) NOT NULL AUTO_INCREMENT, AUTO_INCREMENT=41;
--
-- AUTO_INCREMENT for table `idioma`
--
ALTER TABLE `idioma`
  MODIFY `Id` int(11) NOT NULL AUTO_INCREMENT, AUTO_INCREMENT=3;
--
-- AUTO_INCREMENT for table `informe`
--
ALTER TABLE `informe`
  MODIFY `Id` int(11) NOT NULL AUTO_INCREMENT, AUTO_INCREMENT=4;
--
-- AUTO_INCREMENT for table `informemultimedia`
--
ALTER TABLE `informemultimedia`
  MODIFY `Id` int(11) NOT NULL AUTO_INCREMENT, AUTO_INCREMENT=4;
--
-- AUTO_INCREMENT for table `noticia`
--
ALTER TABLE `noticia`
  MODIFY `Id` int(11) NOT NULL AUTO_INCREMENT, AUTO_INCREMENT=14;
--
-- AUTO_INCREMENT for table `noticiamultimedia`
--
ALTER TABLE `noticiamultimedia`
  MODIFY `Id` int(11) NOT NULL AUTO_INCREMENT, AUTO_INCREMENT=27;
--
-- AUTO_INCREMENT for table `tipomultimedia`
--
ALTER TABLE `tipomultimedia`
  MODIFY `Id` int(11) NOT NULL AUTO_INCREMENT, AUTO_INCREMENT=4;
--
-- AUTO_INCREMENT for table `tipousuario`
--
ALTER TABLE `tipousuario`
  MODIFY `Id` int(11) NOT NULL AUTO_INCREMENT, AUTO_INCREMENT=3;
--
-- AUTO_INCREMENT for table `usuario`
--
ALTER TABLE `usuario`
  MODIFY `Id` int(11) NOT NULL AUTO_INCREMENT, AUTO_INCREMENT=3;
--
-- AUTO_INCREMENT for table `usuariocontrasenia`
--
ALTER TABLE `usuariocontrasenia`
  MODIFY `Id` int(11) NOT NULL AUTO_INCREMENT;
--
-- Constraints for dumped tables
--

--
-- Constraints for table `articulo`
--
ALTER TABLE `articulo`
  ADD CONSTRAINT `articulo_ibfk_1` FOREIGN KEY (`UsuarioCreacion`) REFERENCES `usuario` (`Id`),
  ADD CONSTRAINT `articulo_ibfk_2` FOREIGN KEY (`UsuarioEdicion`) REFERENCES `usuario` (`Id`),
  ADD CONSTRAINT `articulo_ibfk_3` FOREIGN KEY (`IdiomaId`) REFERENCES `idioma` (`Id`);

--
-- Constraints for table `articulomultimedia`
--
ALTER TABLE `articulomultimedia`
  ADD CONSTRAINT `articulomultimedia_ibfk_1` FOREIGN KEY (`ArticuloId`) REFERENCES `articulo` (`Id`),
  ADD CONSTRAINT `articulomultimedia_ibfk_2` FOREIGN KEY (`TipoMultimediaId`) REFERENCES `tipomultimedia` (`Id`);

--
-- Constraints for table `informe`
--
ALTER TABLE `informe`
  ADD CONSTRAINT `informe_ibfk_1` FOREIGN KEY (`UsuarioCreacion`) REFERENCES `usuario` (`Id`),
  ADD CONSTRAINT `informe_ibfk_3` FOREIGN KEY (`IdiomaId`) REFERENCES `idioma` (`Id`);

--
-- Constraints for table `informemultimedia`
--
ALTER TABLE `informemultimedia`
  ADD CONSTRAINT `informemultimedia_ibfk_1` FOREIGN KEY (`InformeId`) REFERENCES `informe` (`Id`);

--
-- Constraints for table `noticia`
--
ALTER TABLE `noticia`
  ADD CONSTRAINT `noticia_ibfk_1` FOREIGN KEY (`UsuarioCreacion`) REFERENCES `usuario` (`Id`),
  ADD CONSTRAINT `noticia_ibfk_2` FOREIGN KEY (`UsuarioEdicion`) REFERENCES `usuario` (`Id`),
  ADD CONSTRAINT `noticia_ibfk_3` FOREIGN KEY (`IdiomaId`) REFERENCES `idioma` (`Id`);

--
-- Constraints for table `noticiamultimedia`
--
ALTER TABLE `noticiamultimedia`
  ADD CONSTRAINT `noticiamultimedia_ibfk_1` FOREIGN KEY (`NoticiaId`) REFERENCES `noticia` (`Id`),
  ADD CONSTRAINT `noticiamultimedia_ibfk_2` FOREIGN KEY (`TipoMultimediaId`) REFERENCES `tipomultimedia` (`Id`);

--
-- Constraints for table `usuario`
--
ALTER TABLE `usuario`
  ADD CONSTRAINT `usuario_ibfk_1` FOREIGN KEY (`TipoUsuarioId`) REFERENCES `tipousuario` (`Id`),
  ADD CONSTRAINT `usuario_ibfk_2` FOREIGN KEY (`UsuarioCreacion`) REFERENCES `usuario` (`Id`),
  ADD CONSTRAINT `usuario_ibfk_3` FOREIGN KEY (`UsuarioEdicion`) REFERENCES `usuario` (`Id`);

/*!40101 SET CHARACTER_SET_CLIENT=@OLD_CHARACTER_SET_CLIENT */;
/*!40101 SET CHARACTER_SET_RESULTS=@OLD_CHARACTER_SET_RESULTS */;
/*!40101 SET COLLATION_CONNECTION=@OLD_COLLATION_CONNECTION */;
